0.0,-672.8960382229111,-675.9209888258387,1.9414043179639169,0.0
0.0010000000000000002,-672.8960382227758,-675.9197409956029,1.9406034643093824,0.0
0.0020000000000000005,-672.896038222604,-675.9182489013276,1.9396458427427863,0.0
0.0029999999999999988,-672.8960382223893,-675.9165128175346,1.9385316294554409,0.0
0.0039999999999999975,-672.8960382221247,-675.914533089454,1.93726104601964,0.0
0.005,-672.8960382218213,-675.9123101329706,1.9358343593416631,0.0
0.006000000000000003,-672.8960382214759,-675.9098444344967,1.9342518816017813,0.0
0.007000000000000005,-672.8960382210823,-675.9071365508711,1.9325139701812835,0.0
0.008000000000000007,-672.8960382206507,-675.9041871092434,1.930621027576515,0.0
0.009000000000000001,-672.896038220172,-675.900996806885,1.928573501299945,0.0
0.009999999999999995,-672.8960382196474,-675.8975664110438,1.9263718837682706,0.0
0.010999999999999989,-672.8960382190838,-675.8938967587455,1.9240167121775626,0.0
0.011999999999999983,-672.8960382184773,-675.8899887565618,1.9215085683654765,0.0
0.012999999999999977,-672.896038217824,-675.8858433803869,1.9188480786605386,0.0
0.01399999999999997,-672.8960382171305,-675.8814616751931,1.9160359137185277,0.0
0.014999999999999965,-672.8960382164012,-675.8768447547427,1.9130727883459715,0.0
0.01599999999999996,-672.8960382156195,-675.8719938012744,1.9099594613107864,0.0
0.016999999999999953,-672.8960382147989,-675.866910065239,1.9066967351400756,0.0
0.017999999999999947,-672.896038213942,-675.8615948649242,1.9032854559051247,0.0
0.01899999999999994,-672.8960382130352,-675.8560495860934,1.8997265129936174,0.0
0.019999999999999934,-672.896038212095,-675.850275681658,1.896020838869107,0.0
0.02099999999999993,-672.8960382111098,-675.8442746712241,1.8921694088177774,0.0
0.021999999999999922,-672.896038210083,-675.8380481407215,1.8881732406825342,0.0
0.022999999999999916,-672.896038209014,-675.831597741951,1.8840333945844614,0.0
0.02399999999999991,-672.8960382079061,-675.8249251921379,1.8797509726316908,0.0
0.024999999999999904,-672.8960382067637,-675.8180322734569,1.8753271186157272,0.0
0.025999999999999898,-672.8960382055776,-675.8109208325241,1.8707630176952807,0.0
0.026999999999999892,-672.8960382043507,-675.8035927799111,1.8660598960676484,0.0
0.027999999999999886,-672.8960382030857,-675.7960500896013,1.8612190206277135,0.0
0.02899999999999988,-672.896038201782,-675.7882947984358,1.8562416986146044,0.0
0.029999999999999874,-672.8960382004373,-675.7803290055463,1.8511292772460795,0.0
0.030999999999999868,-672.8960381990612,-675.772154871779,1.8458831433407037,0.0
0.03199999999999989,-672.896038197642,-675.7637746190541,1.8405047229278706,0.0
0.03299999999999992,-672.8960381961888,-675.7551905297815,1.834995480845751,0.0
0.03399999999999995,-672.8960381946946,-675.7464049461795,1.8293569203272295,0.0
0.034999999999999976,-672.8960381931713,-675.7374202696443,1.8235905825739127,0.0
0.036000000000000004,-672.8960381916056,-675.7282389600252,1.8176980463182735,0.0
0.03700000000000003,-672.8960381900092,-675.7188635349739,1.8116809273740282,0.0
0.03800000000000006,-672.8960381883738,-675.70929656918,1.805540878174816,0.0
0.03900000000000009,-672.8960381867072,-675.699540693671,1.7992795873012752,0.0
0.04000000000000012,-672.8960381850068,-675.6895985950308,1.7928987789966093,0.0
0.04100000000000015,-672.8960381832667,-675.6794730146343,1.786400212670731,0.0
0.042000000000000176,-672.8960381814995,-675.6691667478783,1.7797856823930802,0.0
0.043000000000000205,-672.8960381796998,-675.6586826433379,1.7730570163742287,0.0
0.04400000000000023,-672.896038177866,-675.6480236019634,1.7662160764363584,0.0
0.04500000000000026,-672.8960381759999,-675.6371925762371,1.7592647574727396,0.0
0.04600000000000029,-672.8960381741061,-675.626192569314,1.7522049868963043,0.0
0.04700000000000032,-672.8960381721796,-675.6150266341327,1.7450387240774423,0.0
0.04800000000000035,-672.8960381702238,-675.6036978725423,1.7377679597711309,0.0
0.04900000000000038,-672.8960381682399,-675.5922094343806,1.7303947155335273,0.0
0.050000000000000405,-672.8960381662242,-675.5805645165483,1.7229210431281445,0.0
0.051000000000000434,-672.8960381641808,-675.5687663620789,1.715349023921745,0.0
0.05200000000000046,-672.8960381621125,-675.5568182591734,1.7076807682700856,0.0
0.05300000000000049,-672.8960381600175,-675.5447235402237,1.6999184148936504,0.0
0.05400000000000052,-672.8960381578909,-675.5324855808266,1.6920641302435155,0.0
0.05500000000000055,-672.8960381557466,-675.5201077988021,1.6841201078574914,0.0
0.05600000000000058,-672.8960381535715,-675.5075936531294,1.6760885677066926,0.0
0.057000000000000606,-672.8960381513768,-675.4949466429662,1.6679717555326872,0.0
0.058000000000000634,-672.8960381491519,-675.4821703065539,1.6597719421753905,0.0
0.05900000000000066,-672.896038146909,-675.4692682202024,1.6514914228918565,0.0
0.06000000000000069,-672.8960381446396,-675.4562439971701,1.6431325166661415,0.0
0.06100000000000072,-672.8960381423531,-675.4431012866139,1.6346975655104048,0.0
0.06200000000000075,-672.8960381400417,-675.4298437724525,1.6261889337574262,0.0
0.06300000000000078,-672.896038137711,-675.41647517228,1.6176090073447154,0.0
0.0640000000000008,-672.8960381353618,-675.4029992362208,1.608960193090397,0.0
0.06500000000000083,-672.8960381329921,-675.3894197457902,1.6002449179610638,0.0
0.06600000000000086,-672.8960381306005,-675.3757405127449,1.5914656283317805,0.0
0.06700000000000089,-672.8960381282021,-675.3619653779343,1.582624789238442,0.0
0.06800000000000092,-672.8960381257823,-675.3480982100768,1.5737248836226836,0.0
0.06900000000000095,-672.8960381233433,-675.3341429046201,1.5647684115695477,0.0
0.07000000000000098,-672.8960381208932,-675.3201033825297,1.555757889538112,0.0
0.071000000000001,-672.8960381184254,-675.3059835890605,1.5466958495852992,0.0
0.07200000000000104,-672.8960381159451,-675.2917874925623,1.5375848385830797,0.0
0.07300000000000106,-672.8960381134483,-675.2775190832303,1.528427417429289,0.0
0.07400000000000109,-672.8960381109472,-675.2631823718903,1.519226160252289,0.0
0.07500000000000112,-672.8960381084263,-675.2487813887069,1.5099836536096958,0.0
0.07600000000000115,-672.8960381059003,-675.2343201819839,1.5007024956814168,0.0
0.07700000000000118,-672.8960381033617,-675.2198028168459,1.4913852954572264,0.0
0.07800000000000121,-672.896038100817,-675.205233374001,1.4820346719191275,0.0
0.07900000000000124,-672.8960380982605,-675.190615948432,1.4726532532187426,0.0
0.08000000000000126,-672.8960380956973,-675.1759546481311,1.463243675849984,0.0
0.0810000000000013,-672.8960380931288,-675.1612535927891,1.4538085838172592,0.0
0.08200000000000132,-672.8960380905537,-675.1465169124938,1.4443506277994658,0.0
0.08300000000000135,-672.8960380879741,-675.1317487464272,1.4348724643100421,0.0
0.08400000000000138,-672.896038085393,-675.1169532415488,1.4253767548533334,0.0
0.08500000000000141,-672.8960380828021,-675.1021345512636,1.4158661650775484,0.0
0.08600000000000144,-672.8960380802167,-675.0872968341317,1.4063433639245742,0.0
0.08700000000000147,-672.8960380776193,-675.0724442524836,1.3968110227769295,0.0
0.0880000000000015,-672.8960380750282,-675.0575809711552,1.3872718146021317,0.0
0.08900000000000152,-672.896038072435,-675.0427111560882,1.3777284130947696,0.0
0.09000000000000155,-672.8960380698444,-675.0278389730311,1.3681834918165576,0.0
0.09100000000000158,-672.8960380672546,-675.0129685861755,1.3586397233346685,0.0
0.09200000000000161,-672.8960380646663,-674.9981041568213,1.3490997783586383,0.0
0.09300000000000164,-672.8960380620827,-674.9832498420303,1.3395663248761362,0.0
0.09400000000000167,-672.8960380594996,-674.9684097932675,1.330042027287898,0.0
0.0950000000000017,-672.8960380569265,-674.9535881550744,1.3205295455421322,0.0
0.09600000000000172,-672.8960380543558,-674.9387890636882,1.3110315342686956,0.0
0.09700000000000175,-672.8960380517958,-674.9240166457271,1.3015506419133496,0.0
0.09800000000000178,-672.896038049239,-674.9092750168089,1.2920895098724094,0.0
0.09900000000000181,-672.8960380466897,-674.8945682802328,1.2826507716280964,0.0
0.10000000000000184,-672.8960380441532,-674.8799005256213,1.2732370518849054,0.0
0.10100000000000187,-672.896038041629,-674.8652758275717,1.2638509657073131,0.0
0.1020000000000019,-672.8960380391102,-674.8506982443129,1.254495117659137,0.0
0.10300000000000192,-672.8960380366025,-674.8361718163872,1.2451721009448729,0.0
0.10400000000000195,-672.8960380341109,-674.8217005653031,1.235884496553329,0.0
0.10500000000000198,-672.8960380316327,-674.807288492197,1.226634872403887,0.0
0.10600000000000201,-672.8960380291691,-674.7929395765202,1.2174257824957064,0.0
0.10700000000000204,-672.8960380267156,-674.7786577747081,1.208259766060214,0.0
0.10800000000000207,-672.896038024282,-674.7644470188857,1.1991393467171891,0.0
0.1090000000000021,-672.896038021866,-674.7503112155321,1.1900670316347932,0.0
0.11000000000000212,-672.896038019461,-674.7362542441858,1.181045310693856,0.0
0.11100000000000215,-672.8960380170789,-674.7222799561741,1.1720766556567637,0.0
0.11200000000000218,-672.8960380147166,-674.7083921732902,1.1631635193412733,0.0
0.11300000000000221,-672.8960380123723,-674.6945946865319,1.1543083347995848,0.0
0.11400000000000224,-672.8960380100515,-674.6808912548365,1.145513514503009,0.0
0.11500000000000227,-672.8960380077509,-674.6672856038039,1.136781449532556,0.0
0.1160000000000023,-672.896038005473,-674.6537814244592,1.1281145087757816,0.0
0.11700000000000232,-672.8960380032161,-674.6403823720027,1.1195150381302195,0.0
0.11800000000000235,-672.8960380009833,-674.6270920645873,1.110985359713735,0.0
0.11900000000000238,-672.8960379987747,-674.613914082092,1.1025277710821249,0.0
0.12000000000000241,-672.8960379965869,-674.6008519649147,1.0941445444542968,0.0
0.12100000000000244,-672.896037994436,-674.5879092127997,1.0858379259453548,0.0
0.12200000000000247,-672.8960379923018,-674.5750892835994,1.0776101348079181,0.0
0.1230000000000025,-672.8960379902019,-674.5623955921808,1.0694633626820007,0.0
0.12400000000000252,-672.8960379881267,-674.5498315092045,1.061399772853771,0.0
0.12500000000000255,-672.8960379860805,-674.5374003600256,1.0534214995235176,0.0
0.12600000000000244,-672.8960379840638,-674.5251054235503,1.0455306470831403,0.0
0.12700000000000233,-672.8960379820766,-674.5129499311283,1.0377292894034802,0.0
0.12800000000000222,-672.8960379801209,-674.5009370654619,1.0300194691318105,0.0
0.1290000000000021,-672.8960379781995,-674.4890699595248,1.0224031969997933,0.0
0.130000000000002,-672.8960379763048,-674.4773516954907,1.0148824511422168,0.0
0.1310000000000019,-672.8960379744444,-674.4657853037145,1.0074591764268173,0.0
0.13200000000000178,-672.89603797262,-674.4543737616839,1.0001352837954895,0.0
0.13300000000000167,-672.8960379708313,-674.4431199930161,0.9929126496171837,0.0
0.13400000000000156,-672.8960379690737,-674.4320268664653,0.9857931150527878,0.0
0.13500000000000145,-672.8960379673568,-674.421097194971,0.9787784854322841,0.0
0.13600000000000134,-672.8960379656688,-674.4103337346711,0.9718705296444698,0.0
0.13700000000000123,-672.8960379640166,-674.3997391840117,0.9650709795395259,0.0
0.13800000000000112,-672.8960379624061,-674.3893161828164,0.9583815293447101,0.0
0.139000000000001,-672.8960379608362,-674.3790673113912,0.951803835093454,0.0
0.1400000000000009,-672.896037959298,-674.3689950896554,0.9453395140681269,0.0
0.1410000000000008,-672.8960379578011,-674.3591019763212,0.9389901442567393,0.0
0.14200000000000068,-672.8960379563464,-674.3493903680419,0.9327572638238375,0.0
0.14300000000000057,-672.8960379549296,-674.3398625986143,0.9266423705958482,0.0
0.14400000000000046,-672.8960379535488,-674.3305209382062,0.920646921561119,0.0
0.14500000000000035,-672.8960379522135,-674.3213675926107,0.9147723323849019,0.0
0.14600000000000024,-672.8960379509136,-674.3124047024825,0.9090199769395062,0.0
0.14700000000000013,-672.8960379496601,-674.3036343426705,0.9033911868498653,0.0
0.14800000000000002,-672.8960379484457,-674.2950585214953,0.8978872510547287,0.0
0.1489999999999999,-672.8960379472823,-674.286679180127,0.8925094153837044,0.0
0.1499999999999998,-672.8960379461499,-674.2784981919004,0.8872588821503608,0.0
0.1509999999999997,-672.8960379450614,-674.2705173617711,0.882136809761591,0.0
0.15199999999999958,-672.8960379440247,-674.2627384256948,0.8771443123434385,0.0
0.15299999999999947,-672.8960379430218,-674.2551630500488,0.8722824593835742,0.0
0.15399999999999936,-672.8960379420695,-674.2477928311624,0.8675522753906046,0.0
0.15499999999999925,-672.8960379411623,-674.2406292947554,0.8629547395703927,0.0
0.15599999999999914,-672.8960379402928,-674.2336738954805,0.8584907855195525,0.0
0.15699999999999903,-672.8960379394784,-674.2269280164998,0.8541613009362824,0.0
0.15799999999999892,-672.8960379387063,-674.2203929690064,0.8499671273486885,0.0
0.1589999999999988,-672.8960379379761,-674.2140699918716,0.8459090598607392,0.0
0.1599999999999987,-672.8960379372882,-674.2079602512641,0.8419878469159936,0.0
0.1609999999999986,-672.8960379366523,-674.2020648403195,0.8382041900792259,0.0
0.16199999999999848,-672.8960379360611,-674.1963847788007,0.8345587438360696,0.0
0.16299999999999837,-672.8960379355185,-674.190921012843,0.8310521154107908,0.0
0.16399999999999826,-672.8960379350153,-674.1856744146738,0.8276848646022958,0.0
0.16499999999999815,-672.8960379345627,-674.1806457824194,0.8244575036384635,0.0
0.16599999999999804,-672.8960379341562,-674.1758358398705,0.8213704970488959,0.0
0.16699999999999793,-672.8960379337957,-674.1712452363329,0.8184242615561536,0.0
0.16799999999999782,-672.8960379334853,-674.1668745464866,0.8156191659855546,0.0
0.1689999999999977,-672.8960379332177,-674.1627242702588,0.8129555311935891,0.0
0.1699999999999976,-672.8960379330014,-674.1587948327685,0.8104336300150025,0.0
0.1709999999999975,-672.8960379328304,-674.1550865842435,0.8080536872285902,0.0
0.17199999999999738,-672.8960379327049,-674.1515998000158,0.8058158795417334,0.0
0.17299999999999727,-672.8960379326251,-674.148334680522,0.8037203355937024,0.0
0.17399999999999716,-672.896037932597,-674.1452913513423,0.8017671359777382,0.0
0.17499999999999705,-672.8960379326071,-674.1424698632395,0.799956313281922,0.0
0.17599999999999694,-672.8960379326737,-674.1398701923031,0.7982878521488218,0.0
0.17699999999999683,-672.8960379327806,-674.1374922400051,0.7967616893539125,0.0
0.17799999999999672,-672.8960379329322,-674.135335833407,0.7953777139027361,0.0
0.1789999999999966,-672.896037933136,-674.1334007253215,0.7941357671467804,0.0
0.1799999999999965,-672.8960379333869,-674.1316865945086,0.7930356429180271,0.0
0.18099999999999639,-672.8960379336777,-674.1301930459224,0.7920770876821261,0.0
0.18199999999999628,-672.8960379340197,-674.1289196110012,0.7912598007101321,0.0
0.18299999999999617,-672.8960379344052,-674.1278657479252,0.7905834342687372,0.0
0.18399999999999606,-672.8960379348332,-674.1270308419679,0.7900475938289231,0.0
0.18499999999999595,-672.896037935308,-674.1264142058482,0.7896518382929437,0.0
0.18599999999999584,-672.8960379358367,-674.1260150801099,0.7893956802395458,0.0
0.18699999999999573,-672.8960379363992,-674.1258326335023,0.7892785861873212,0.0
0.18799999999999562,-672.8960379370129,-674.125865963483,0.7892999768760787,0.0
0.1889999999999955,-672.896037937663,-674.1261140966144,0.7894592275661119,0.0
0.1899999999999954,-672.8960379383617,-674.1265759891177,0.789755668355233,0.0
0.19099999999999528,-672.8960379391034,-674.1272505273483,0.7901885845134344,0.0
0.19199999999999517,-672.896037939889,-674.1281365283701,0.7907572168350279,0.0
0.19299999999999506,-672.8960379407196,-674.1292327405234,0.7914607620081034,0.0
0.19399999999999495,-672.896037941584,-674.1305378440164,0.7922983730011479,0.0
0.19499999999999484,-672.8960379424984,-674.1320504515924,0.7932691594666429,0.0
0.19599999999999473,-672.8960379434532,-674.1337691091322,0.7943721881614672,0.0
0.19699999999999462,-672.8960379444429,-674.1356922963655,0.7956064833839078,0.0
0.1979999999999945,-672.896037945479,-674.1378184275887,0.7969710274270859,0.0
0.1989999999999944,-672.8960379465567,-674.1401458523655,0.7984647610485913,0.0
0.1999999999999943,-672.8960379476728,-674.1426728562993,0.8000865839561084,0.0
0.20099999999999418,-672.896037948824,-674.1453976618145,0.8018353553088203,0.0
0.20199999999999407,-672.8960379500195,-674.1483184289734,0.8037098942343543,0.0
0.20299999999999396,-672.8960379512513,-674.1514332562763,0.8057089803610363,0.0
0.20399999999999385,-672.8960379525207,-674.154740181541,0.8078313543652141,0.0
0.20499999999999374,-672.896037953822,-674.1582371827618,0.8100757185333938,0.0
0.20599999999999363,-672.8960379551637,-674.16192217903,0.8124407373389364,0.0
0.20699999999999352,-672.8960379565434,-674.1657930314286,0.8149250380330507,0.0
0.2079999999999934,-672.8960379579524,-674.1698475439811,0.817527211249809,0.0
0.2089999999999933,-672.8960379594077,-674.1740834646458,0.8202458116249128,0.0
0.2099999999999932,-672.8960379608892,-674.1784984862397,0.8230793584279249,0.0
0.21099999999999308,-672.8960379624002,-674.1830902475039,0.8260263362076755,0.0
0.21199999999999297,-672.8960379639482,-674.1878563341096,0.829085195450553,0.0
0.21299999999999286,-672.8960379655256,-674.1927942796854,0.8322543532513741,0.0
0.21399999999999275,-672.8960379671383,-674.1979015669092,0.8355321939965309,0.0
0.21499999999999264,-672.8960379687835,-674.2031756285693,0.8389170700591009,0.0
0.21599999999999253,-672.896037970456,-674.2086138486725,0.8424073025056047,0.0
0.21699999999999242,-672.8960379721568,-674.2142135635709,0.846001181814091,0.0
0.2179999999999923,-672.8960379738883,-674.2199720630931,0.8496969686032204,0.0
0.2189999999999922,-672.8960379756414,-674.2258865916848,0.8534928943720187,0.0
0.2199999999999921,-672.8960379774283,-674.2319543496089,0.8573871622499644,0.0
0.22099999999999198,-672.8960379792397,-674.2381724940888,0.8613779477570712,0.0
0.22199999999999187,-672.8960379810792,-674.2445381405398,0.8654633995736224,0.0
0.22299999999999176,-672.8960379829375,-674.2510483637599,0.8696416403192082,0.0
0.22399999999999165,-672.8960379848245,-674.2577001991873,0.8739107673407192,0.0
0.22499999999999154,-672.8960379867332,-674.2644906441068,0.8782688535089374,0.0
0.22599999999999143,-672.896037988665,-674.2714166589288,0.8827139480233722,0.0
0.22699999999999132,-672.8960379906158,-674.278475168442,0.887244077224977,0.0
0.2279999999999912,-672.896037992593,-674.2856630631074,0.8918572454163867,0.0
0.2289999999999911,-672.8960379945887,-674.2929772003221,0.8965514356893077,0.0
0.229999999999991,-672.8960379965988,-674.3004144057372,0.9013246107586971,0.0
0.23099999999999088,-672.8960379986303,-674.3079714745751,0.9061747138033545,0.0
0.23199999999999077,-672.8960380006778,-674.3156451729254,0.9110996693125611,0.0
0.23299999999999066,-672.8960380027447,-674.3234322390937,0.9160973839383869,0.0
0.23399999999999055,-672.8960380048281,-674.331329384923,0.9211657473532955,0.0
0.23499999999999044,-672.8960380069249,-674.3393332971435,0.9263026331126647,0.0
0.23599999999999033,-672.8960380090376,-674.3474406387301,0.9315058995218501,0.0
0.23699999999999022,-672.896038011161,-674.3556480502453,0.9367733905074095,0.0
0.2379999999999901,-672.8960380132986,-674.3639521512204,0.9421029364921083,0.0
0.23899999999999,-672.8960380154454,-674.3723495415056,0.9474923552733296,0.0
0.2399999999999899,-672.8960380176072,-674.380836802664,0.9529394529045039,0.0
0.24099999999998978,-672.8960380197783,-674.3894104993258,0.9584420245791799,0.0
0.24199999999998967,-672.8960380219604,-674.3980671805884,0.9639978555173551,0.0
0.24299999999998956,-672.8960380241411,-674.4068033813794,0.9696047218536863,0.0
0.24399999999998945,-672.8960380263402,-674.4156156238885,0.9752603915271991,0.0
0.24499999999998934,-672.896038028538,-674.4245004188842,0.980962625172116,0.0
0.24599999999998923,-672.8960380307448,-674.4334542671726,0.9867091770094261,0.0
0.24699999999998912,-672.8960380329531,-674.4424736609386,0.9924977957388162,0.0
0.247999999999989,-672.8960380351708,-674.4515550851698,0.9983262254305882,0.0
0.2489999999999889,-672.8960380373908,-674.4606950190146,1.004192206417185,0.0
0.2499999999999888,-672.8960380396152,-674.4698899371944,1.0100934761839537,0.0
0.2509999999999887,-672.8960380418304,-674.4791363113648,1.0160277702587672,0.0
0.25199999999998857,-672.8960380440575,-674.4884306115504,1.0219928231001438,0.0
0.25299999999998846,-672.8960380462735,-674.4977693074459,1.0279863689834825,0.0
0.25399999999998835,-672.8960380485001,-674.5071488698829,1.0340061428850587,0.0
0.25499999999998824,-672.8960380507167,-674.5165657721161,1.0400498813634076,0.0
0.2559999999999881,-672.8960380529296,-674.5260164912611,1.0461153234377376,0.0
0.256999999999988,-672.896038055144,-674.5354975096299,1.0522002114630107,0.0
0.2579999999999879,-672.8960380573455,-674.5450053160702,1.0583022920013334,0.0
0.2589999999999878,-672.8960380595489,-674.5545364073654,1.064419316689308,0.0
0.2599999999999877,-672.8960380617478,-674.5640872895295,1.070549043100983,0.0
0.2609999999999876,-672.8960380639313,-674.57365447916,1.0766892356060649,0.0
0.26199999999998747,-672.8960380661111,-674.583234504795,1.0828376662230401,0.0
0.26299999999998736,-672.8960380682861,-674.5928239081979,1.0889921154668651,0.0
0.26399999999998724,-672.8960380704392,-674.6024192456673,1.0951503731908911,0.0
0.26499999999998713,-672.8960380725938,-674.6120170893943,1.101310239422682,0.0
0.265999999999987,-672.8960380747319,-674.6216140286739,1.1074695251933977,0.0
0.2669999999999869,-672.8960380768593,-674.6312066712516,1.1136260533604199,0.0
0.2679999999999868,-672.8960380789736,-674.6407916445619,1.1197776594228879,0.0
0.2689999999999867,-672.8960380810724,-674.6503655969964,1.1259221923298326,0.0
0.2699999999999866,-672.896038083161,-674.6599251991576,1.1320575152805905,0.0
0.2709999999999865,-672.8960380852307,-674.6694671450728,1.1381815065171885,0.0
0.27199999999998636,-672.8960380872892,-674.6789881534455,1.1442920601083901,0.0
0.27299999999998625,-672.8960380893243,-674.6884849688279,1.1503870867251047,0.0
0.27399999999998614,-672.8960380913471,-674.6979543628573,1.15646451440686,0.0
0.27499999999998603,-672.8960380933469,-674.7073931353921,1.162522289319047,0.0
0.2759999999999859,-672.8960380953366,-674.7167981157216,1.1685583765006446,0.0
0.2769999999999858,-672.8960380972975,-674.7261661636608,1.1745707606021494,0.0
0.2779999999999857,-672.8960380992443,-674.7354941707488,1.1805574466134205,0.0
0.2789999999999856,-672.8960381011678,-674.7447790613109,1.1865164605811789,0.0
0.2799999999999855,-672.8960381030693,-674.7540177935927,1.1924458503158817,0.0
0.2809999999999854,-672.8960381049491,-674.7632073608345,1.1983436860877155,0.0
0.28199999999998526,-672.8960381068053,-674.7723447923363,1.2042080613114468,0.0
0.28299999999998515,-672.896038108638,-674.7814271545112,1.2100370932198805,0.0
0.28399999999998504,-672.8960381104438,-674.7904515519123,1.215828923525674,0.0
0.28499999999998493,-672.8960381122306,-674.7994151282585,1.2215817190712688,0.0
0.2859999999999848,-672.896038113986,-674.8083150673982,1.2272936724667016,0.0
0.2869999999999847,-672.8960381157183,-674.8171485943237,1.2329630027150653,0.0
0.2879999999999846,-672.8960381174236,-674.8259129760941,1.2385879558253903,0.0
0.2889999999999845,-672.8960381191063,-674.83460552279,1.2441668054127313,0.0
0.2899999999999844,-672.8960381207528,-674.8432235884029,1.2496978532852416,0.0
0.29099999999998427,-672.8960381223764,-674.8517645717732,1.2551794300180286,0.0
0.29199999999998416,-672.8960381239671,-674.8602259174141,1.2606098955135845,0.0
0.29299999999998405,-672.8960381255333,-674.868605116405,1.265987639548601,0.0
0.29399999999998394,-672.8960381270679,-674.8768997071874,1.2713110823069687,0.0
0.29499999999998383,-672.8960381285674,-674.885107276394,1.276578674898784,0.0
0.2959999999999837,-672.8960381300457,-674.8932254596481,1.2817888998651783,0.0
0.2969999999999836,-672.896038131487,-674.901251942281,1.2869402716687983,0.0
0.2979999999999835,-672.8960381328941,-674.9091844601218,1.2920313371697694,0.0
0.2989999999999834,-672.8960381342723,-674.9170208002004,1.2970606760869832,0.0
0.2999999999999833,-672.8960381356194,-674.9247588014326,1.3020269014445474,0.0
0.30099999999998317,-672.8960381369293,-674.9323963552969,1.3069286600032561,0.0
0.30199999999998306,-672.8960381382069,-674.9399314064966,1.3117646326769328,0.0
0.30299999999998295,-672.8960381394551,-674.9473619535734,1.3165335349335079,0.0
0.30399999999998284,-672.8960381406619,-674.9546860494941,1.3212341171807063,0.0
0.30499999999998273,-672.8960381418361,-674.961901802264,1.3258651651362092,0.0
0.3059999999999826,-672.8960381429812,-674.9690073754525,1.3304255001821843,0.0
0.3069999999999825,-672.896038144087,-674.9760009887134,1.334913979704061,0.0
0.3079999999999824,-672.8960381451558,-674.9828809183131,1.3393294974134515,0.0
0.3089999999999823,-672.8960381461935,-674.9896454976011,1.343670983655113,0.0
0.3099999999999822,-672.8960381471934,-674.9962931174464,1.3479374056978606,0.0
0.31099999999998207,-672.8960381481575,-675.002822226687,1.3521277680093435,0.0
0.31199999999998196,-672.8960381490749,-675.0092313325117,1.3562411125145986,0.0
0.31299999999998185,-672.8960381499671,-675.015519000882,1.3602765188383141,0.0
0.31399999999998174,-672.8960381508247,-675.0216838568216,1.3642331045307272,0.0
0.31499999999998163,-672.8960381516371,-675.0277245847719,1.3681100252771001,0.0
0.3159999999999815,-672.8960381524153,-675.0336399289159,1.3719064750907124,0.0
0.3169999999999814,-672.8960381531567,-675.0394286934179,1.3756216864893258,0.0
0.3179999999999813,-672.8960381538593,-675.0450897426863,1.379254930655074,0.0
0.3189999999999812,-672.8960381545205,-675.0506220015964,1.3828055175777427,0.0
0.3199999999999811,-672.8960381551547,-675.0560244557048,1.3862727961814092,0.0
0.32099999999998097,-672.8960381557421,-675.0612961513702,1.3896561544344173,0.0
0.32199999999998086,-672.896038156292,-675.066436195961,1.39295501944267,0.0
0.32299999999998075,-672.8960381568033,-675.0714437579364,1.3961688575262274,0.0
0.32399999999998064,-672.8960381572807,-675.0763180669545,1.3992971742792064,0.0
0.3249999999999805,-672.8960381577194,-675.0810584139258,1.4023395146129851,0.0
0.3259999999999804,-672.8960381581163,-675.0856641510646,1.405295462782713,0.0
0.3269999999999803,-672.8960381584774,-675.0901346919125,1.408164642397152,0.0
0.3279999999999802,-672.8960381588026,-675.0944695113119,1.4109467164118583,0.0
0.3289999999999801,-672.8960381590857,-675.0986681453699,1.4136413871057394,0.0
0.32999999999998,-672.896038159332,-675.1027301914133,1.4162483960410133,0.0
0.33099999999997987,-672.8960381595377,-675.1066553078806,1.4187675240066184,0.0
0.33199999999997976,-672.8960381597071,-675.1104432142234,1.4211985909451113,0.0
0.33299999999997965,-672.8960381598424,-675.1140936907591,1.4235414558631083,0.0
0.33399999999997954,-672.8960381599402,-675.1176065785004,1.4257960167253345,0.0
0.3349999999999794,-672.8960381599971,-675.1209817789712,1.4279622103323346,0.0
0.3359999999999793,-672.8960381600174,-675.1242192539984,1.4300400121819286,0.0
0.3369999999999792,-672.8960381600016,-675.1273190254591,1.4320294363144834,0.0
0.3379999999999791,-672.8960381599444,-675.1302811750127,1.4339305351420857,0.0
0.338999999999979,-672.8960381598531,-675.1331058438277,1.4357433992617072,0.0
0.3399999999999789,-672.8960381597267,-675.1357932322456,1.437468157252461,0.0
0.34099999999997876,-672.8960381595625,-675.1383435994466,1.4391049754570477,0.0
0.34199999999997865,-672.8960381593606,-675.1407572630884,1.4406540577475044,0.0
0.34299999999997854,-672.8960381591269,-675.1430345989215,1.4421156452753712,0.0
0.34399999999997843,-672.8960381588523,-675.1451760403539,1.4434900162063957,0.0
0.3449999999999783,-672.896038158545,-675.1471820780461,1.444777485439906,0.0
0.3459999999999782,-672.8960381582032,-675.1490532594233,1.445978404312983,0.0
0.3469999999999781,-672.8960381578312,-675.1507901882073,1.4470931602895774,0.0
0.347999999999978,-672.8960381574174,-675.1523935238863,1.448122176634711,0.0
0.3489999999999779,-672.8960381569702,-675.1538639812204,1.4490659120739227,0.0
0.3499999999999778,-672.8960381564901,-675.1552023296603,1.44992486043811,0.0
0.35099999999997766,-672.8960381559742,-675.1564093927759,1.4506995502939388,0.0
0.35199999999997755,-672.8960381554336,-675.1574860476761,1.451390544559984,0.0
0.35299999999997744,-672.8960381548559,-675.1584332243503,1.4519984401087833,0.0
0.35399999999997733,-672.8960381542411,-675.1592519050636,1.4525238673549876,0.0
0.3549999999999772,-672.8960381536027,-675.1599431236938,1.4529674898297884,0.0
0.3559999999999771,-672.8960381529288,-675.1605079650091,1.4533300037418282,0.0
0.356999999999977,-672.8960381522228,-675.1609475640035,1.4536121375247817,0.0
0.3579999999999769,-672.8960381514898,-675.1612631051586,1.4538146513718264,0.0
0.3589999999999768,-672.8960381507222,-675.161455821682,1.4539383367572027,0.0
0.35999999999997667,-672.8960381499281,-675.1615269947725,1.4539840159450865,0.0
0.36099999999997656,-672.8960381491056,-675.1614779528085,1.4539525414860002,0.0
0.36199999999997645,-672.8960381482573,-675.1613100705589,1.453844795700979,0.0
0.36299999999997634,-672.8960381473767,-675.1610247683475,1.4536616901537431,0.0
0.36399999999997623,-672.8960381464708,-675.1606235112346,1.4534041651110974,0.0
0.3649999999999761,-672.8960381455348,-675.1601078081327,1.4530731889918165,0.0
0.365999999999976,-672.8960381445761,-675.1594792109548,1.4526697578042587,0.0
0.3669999999999759,-672.8960381435893,-675.1587393136958,1.4521948945729644,0.0
0.3679999999999758,-672.8960381425811,-675.1578897515467,1.4516496487545003,0.0
0.3689999999999757,-672.8960381415448,-675.1569321999432,1.451035095642815,0.0
0.36999999999997557,-672.8960381404872,-675.1558683736502,1.4503523357643748,0.0
0.37099999999997546,-672.8960381394018,-675.1547000257758,1.449602494263353,0.0
0.37199999999997535,-672.896038138295,-675.1534289468268,1.448786720277158,0.0
0.37299999999997524,-672.8960381371692,-675.1520569637019,1.4479061863025802,0.0
0.37399999999997513,-672.8960381360228,-675.150585938691,1.4469620875528455,0.0
0.374999999999975,-672.8960381348502,-675.1490177684599,1.445955641305874,0.0
0.3759999999999749,-672.896038133665,-675.147354383044,1.4448880862440396,0.0
0.3769999999999748,-672.8960381324536,-675.145597744761,1.443760681785729,0.0
0.3779999999999747,-672.8960381312274,-675.1437498472092,1.4425747074090132,0.0
0.3789999999999746,-672.8960381299746,-675.141812714153,1.4413314619677373,0.0
0.37999999999997447,-672.8960381287119,-675.1397883984993,1.4400322630003435,0.0
0.38099999999997436,-672.8960381274278,-675.137678981151,1.4386784460317483,0.0
0.38199999999997425,-672.8960381261379,-675.1354865699657,1.4372713638685928,0.0
0.38299999999997414,-672.8960381248241,-675.1332132985862,1.4358123858881922,0.0
0.38399999999997403,-672.8960381234957,-675.1308613253848,1.434302897321516,0.0
0.3849999999999739,-672.896038122151,-675.1284328322989,1.4327442985305292,0.0
0.3859999999999738,-672.8960381207999,-675.125930023719,1.4311380042802289,0.0
0.3869999999999737,-672.896038119428,-675.1233551253113,1.4294854430057156,0.0
0.3879999999999736,-672.8960381180477,-675.120710382919,1.4277880560746457,0.0
0.3889999999999735,-672.896038116663,-675.1179980613718,1.4260472970453997,0.0
0.38999999999997337,-672.8960381152555,-675.1152204433098,1.4242646309213212,0.0
0.39099999999997326,-672.8960381138509,-675.1123798280819,1.4224415334013734,0.0
0.39199999999997315,-672.8960381124319,-675.109478530487,1.420579490127561,0.0
0.39299999999997304,-672.896038111002,-675.1065188796596,1.4186799959294798,0.0
0.3939999999999729,-672.896038109567,-675.1035032178717,1.4167445540663388,0.0
0.3949999999999728,-672.8960381081274,-675.1004338993391,1.4147746754668222,0.0
0.3959999999999727,-672.8960381066786,-675.0973132890362,1.4127718779671439,0.0
0.3969999999999726,-672.8960381052246,-675.0941437615186,1.4107376855476568,0.0
0.3979999999999725,-672.8960381037688,-675.0909276997238,1.4086736275683822,0.0
0.3989999999999724,-672.8960381023056,-675.0876674937704,1.4065812380038163,0.0
0.39999999999997227,-672.8960381008409,-675.084365539785,1.4044620546773818,0.0
0.40099999999997216,-672.8960380993748,-675.0810242386937,1.4023176184958899,0.0
0.40199999999997205,-672.8960380979086,-675.0776459950349,1.400149472684373,0.0
0.40299999999997194,-672.8960380964369,-675.0742332157619,1.3979591620216614,0.0
0.4039999999999718,-672.896038094965,-675.07078830907,1.3957482320770622,0.0
0.4049999999999717,-672.8960380934957,-675.067313683197,1.3935182284485106,0.0
0.4059999999999716,-672.8960380920315,-675.0638117452405,1.3912706960025594,0.0
0.4069999999999715,-672.89603809057,-675.0602848999729,1.3890071781165703,0.0
0.4079999999999714,-672.8960380891051,-675.0567355486659,1.386729215923471,0.0
0.4089999999999713,-672.8960380876449,-675.053166087936,1.3844383475594448,0.0
0.40999999999997117,-672.8960380861922,-675.049578908558,1.382136107414914,0.0
0.41099999999997106,-672.8960380847403,-675.0459763942998,1.3798240253891798,0.0
0.41199999999997095,-672.8960380832992,-675.0423609207927,1.3775036261490745,0.0
0.41299999999997083,-672.8960380818592,-675.0387348543475,1.3751764283919952,0.0
0.4139999999999707,-672.896038080433,-675.0351005508551,1.3728439441136626,0.0
0.4149999999999706,-672.8960380790052,-675.0314603546035,1.370507677880973,0.0
0.4159999999999705,-672.8960380775973,-675.0278165972179,1.3681691261102844,0.0
0.4169999999999704,-672.8960380761911,-675.0241715964687,1.3658297763514984,0.0
0.4179999999999703,-672.896038074801,-675.0205276552383,1.363491106578275,0.0
0.4189999999999702,-672.8960380734178,-675.016887060368,1.3611545844847368,0.0
0.41999999999997006,-672.8960380720415,-675.0132520816071,1.3588216667889912,0.0
0.42099999999996995,-672.8960380706802,-675.0096249705363,1.356493798543824,0.0
0.42199999999996984,-672.8960380693353,-675.0060079594916,1.3541724124548866,0.0
0.42299999999996973,-672.8960380679979,-675.0024032605099,1.351858928206719,0.0
0.4239999999999696,-672.8960380666816,-674.9988130643252,1.3495547517969297,0.0
0.4249999999999695,-672.8960380653799,-674.9952395393005,1.3472612748788586,0.0
0.4259999999999694,-672.8960380640854,-674.9916848304377,1.344979874113044,0.0
0.4269999999999693,-672.8960380628087,-674.9881510583998,1.3427119105278091,0.0
0.4279999999999692,-672.8960380615518,-674.9846403185024,1.3404587288892744,0.0
0.4289999999999691,-672.8960380603122,-674.9811546797517,1.338221657081108,0.0
0.42999999999996896,-672.8960380590916,-674.9776961839024,1.3360020054943094,0.0
0.43099999999996885,-672.8960380578836,-674.9742668445107,1.3338010664273272,0.0
0.43199999999996874,-672.8960380566978,-674.97086864604,1.3316201134967987,0.0
0.43299999999996863,-672.8960380555276,-674.967503542928,1.3294604010591926,0.0
0.4339999999999685,-672.8960380543799,-674.9641734587321,1.3273231636436427,0.0
0.4349999999999684,-672.8960380532523,-674.9608802852415,1.3252096153962374,0.0
0.4359999999999683,-672.8960380521489,-674.9576258816447,1.3231209495360359,0.0
0.4369999999999682,-672.8960380510598,-674.9544120736804,1.321058337823072,0.0
0.4379999999999681,-672.8960380499991,-674.9512406528655,1.3190229300385985,0.0
0.43899999999996797,-672.8960380489566,-674.9481133756567,1.3170158534778218,0.0
0.43999999999996786,-672.8960380479368,-674.9450319627189,1.3150382124553637,0.0
0.44099999999996775,-672.8960380469424,-674.9419980981577,1.313091087823692,0.0
0.44199999999996764,-672.8960380459731,-674.9390134287895,1.3111755365047393,0.0
0.44299999999996753,-672.8960380450258,-674.936079563432,1.309292591034933,0.0
0.4439999999999674,-672.8960380441061,-674.9331980722285,1.307443259123851,0.0
0.4449999999999673,-672.8960380432096,-674.9303704859623,1.305628523226706,0.0
0.4459999999999672,-672.8960380423404,-674.9275982954317,1.3038493401308529,0.0
0.4469999999999671,-672.8960380414918,-674.924882950809,1.3021066405565187,0.0
0.447999999999967,-672.8960380406714,-674.9222258610642,1.3004013287719232,0.0
0.44899999999996687,-672.8960380398722,-674.9196283933609,1.298734282222977,0.0
0.44999999999996676,-672.8960380391114,-674.9170918725403,1.2971063511777143,0.0
0.45099999999996665,-672.8960380383704,-674.91461758053,1.2955183583856205,0.0
0.45199999999996654,-672.8960380376602,-674.9122067559032,1.2939710987520077,0.0
0.45299999999996643,-672.8960380369796,-674.9098605933519,1.2924653390275709,0.0
0.4539999999999663,-672.8960380363241,-674.9075802432369,1.291001817513266,0.0
0.4549999999999662,-672.89603803569,-674.9053668111558,1.2895812437806282,0.0
0.4559999999999661,-672.8960380350923,-674.9032213575487,1.288204298407646,0.0
0.456999999999966,-672.8960380345218,-674.9011448972697,1.286871632730301,0.0
0.4579999999999659,-672.8960380339785,-674.8991383992562,1.2855838686098673,0.0
0.45899999999996577,-672.8960380334644,-674.8972027861848,1.2843415982160624,0.0
0.45999999999996566,-672.8960380329781,-674.8953389341523,1.283145383826129,0.0
0.46099999999996555,-672.8960380325246,-674.8935476723973,1.2819957576399146,0.0
0.46199999999996544,-672.8960380321035,-674.8918297830262,1.2808932216110216,0.0
0.46299999999996533,-672.8960380317094,-674.8901860007744,1.2798382472940664,0.0
0.4639999999999652,-672.8960380313429,-674.8886170128055,1.2788312757081077,0.0
0.4649999999999651,-672.8960380310093,-674.887123458522,1.2778727172162647,0.0
0.465999999999965,-672.8960380307035,-674.8857059293872,1.2769629514215628,0.0
0.4669999999999649,-672.8960380304322,-674.8843649688122,1.2761023270790166,0.0
0.4679999999999648,-672.896038030185,-674.8831010720136,1.275291162023961,0.0
0.46899999999996467,-672.8960380299693,-674.8819146859629,1.274529743116631,0.0
0.46999999999996456,-672.896038029789,-674.880806209304,1.2738183262029745,0.0
0.47099999999996445,-672.8960380296344,-674.8797759923073,1.27315713609169,0.0
0.47199999999996434,-672.8960380295123,-674.878824336889,1.2725463665474488,0.0
0.4729999999999642,-672.8960380294177,-674.877951496598,1.2719861803002714,0.0
0.4739999999999641,-672.896038029352,-674.8771576766733,1.2714767090710162,0.0
0.474999999999964,-672.89603802932,-674.8764430341057,1.2710180536129143,0.0
0.4759999999999639,-672.8960380293157,-674.8758076777134,1.270610283769102,0.0
0.4769999999999638,-672.8960380293447,-674.8752516682792,1.2702534385460658,0.0
0.4779999999999637,-672.8960380294016,-674.8747750186665,1.2699475262029267,0.0
0.47899999999996357,-672.8960380294898,-674.8743776940028,1.2696925243564738,0.0
0.47999999999996346,-672.8960380296061,-674.8740596118523,1.2694883801018457,0.0
0.48099999999996335,-672.8960380297526,-674.8738206424407,1.2693350101487593,0.0
0.48199999999996324,-672.8960380299238,-674.8736606088777,1.2692323009731654,0.0
0.4829999999999631,-672.8960380301274,-674.8735792874385,1.2691801089842147,0.0
0.483999999999963,-672.8960380303614,-674.8735764078245,1.269178260706398,0.0
0.4849999999999629,-672.8960380306252,-674.873651653482,1.2692265529767246,0.0
0.4859999999999628,-672.8960380309154,-674.8738046619278,1.2693247531567937,0.0
0.4869999999999627,-672.896038031231,-674.8740350251081,1.2694725993595986,0.0
0.4879999999999626,-672.8960380315771,-674.8743422897786,1.269669800690909,0.0
0.48899999999996246,-672.8960380319551,-674.8747259578927,1.2699160375050573,0.0
0.48999999999996235,-672.8960380323552,-674.8751854870151,1.2702109616749506,0.0
0.49099999999996224,-672.8960380327866,-674.8757202907942,1.2705541968761316,0.0
0.49199999999996213,-672.8960380332409,-674.8763297393906,1.270945338884685,0.0
0.492999999999962,-672.8960380337245,-674.8770131599938,1.271383955888805,0.0
0.4939999999999619,-672.8960380342372,-674.8777698373077,1.271869588813806,0.0
0.4949999999999618,-672.8960380347644,-674.8785990140702,1.272401751660376,0.0
0.4959999999999617,-672.8960380353302,-674.879499891653,1.2729799318558432,0.0
0.4969999999999616,-672.8960380359189,-674.8804716305509,1.273603590618243,0.0
0.4979999999999615,-672.8960380365224,-674.8815133510155,1.2742721633329455,0.0
0.49899999999996136,-672.8960380371582,-674.8826241336797,1.27498505994161,0.0
0.49999999999996125,-672.896038037822,-674.8838030201349,1.2757416653432272,0.0
0.5009999999999611,-672.8960380385024,-674.8850490135892,1.2765413398069945,0.0
0.501999999999961,-672.896038039202,-674.8863610795496,1.2773834193967768,0.0
0.5029999999999609,-672.896038039932,-674.887738146496,1.2782672164068913,0.0
0.5039999999999608,-672.8960380406822,-674.8891791065471,1.2791920198089495,0.0
0.5049999999999607,-672.8960380414574,-674.8906828162097,1.2801570957094974,0.0
0.5059999999999606,-672.8960380422504,-674.8922480970821,1.2811616878181658,0.0
0.5069999999999605,-672.8960380430608,-674.8938737366168,1.2822050179260647,0.0
0.5079999999999604,-672.8960380438986,-674.8955584888864,1.2832862863941354,0.0
0.5089999999999603,-672.8960380447559,-674.8973010753305,1.2844046726511733,0.0
0.5099999999999602,-672.8960380456291,-674.8991001855686,1.285559335701227,0.0
0.51099999999996,-672.896038046524,-674.9009544782101,1.2867494146400884,0.0
0.5119999999999599,-672.8960380474381,-674.9028625816551,1.2879740291805704,0.0
0.5129999999999598,-672.8960380483634,-674.9048230949286,1.289232280186269,0.0
0.5139999999999597,-672.8960380493097,-674.9068345885487,1.2905232502135098,0.0
0.5149999999999596,-672.8960380502702,-674.9088956053481,1.29184600406117,0.0
0.5159999999999595,-672.8960380512558,-674.9110046613775,1.2931995893280652,0.0
0.5169999999999594,-672.8960380522477,-674.9131602467385,1.2945830369775906,0.0
0.5179999999999593,-672.8960380532594,-674.9153608265343,1.2959953619092948,0.0
0.5189999999999592,-672.8960380542832,-674.9176048417194,1.2974355635370811,0.0
0.519999999999959,-672.8960380553201,-674.9198907100387,1.298902626373704,0.0
0.5209999999999589,-672.8960380563752,-674.9222168269432,1.3003955206212499,0.0
0.5219999999999588,-672.8960380574368,-674.9245815664985,1.301913202767271,0.0
0.5229999999999587,-672.8960380585161,-674.9269832823613,1.303454616186258,0.0
0.5239999999999586,-672.8960380596043,-674.9294203086812,1.3050186917461168,0.0
0.5249999999999585,-672.8960380607049,-674.9318909610857,1.30660434841933,0.0
0.5259999999999584,-672.8960380618162,-674.9343935376218,1.3082104938984702,0.0
0.5269999999999583,-672.8960380629396,-674.9369263197289,1.3098360252157446,0.0
0.5279999999999582,-672.8960380640636,-674.9394875731949,1.311479829366237,0.0
0.5289999999999581,-672.8960380652004,-674.9420755491684,1.313140783934517,0.0
0.529999999999958,-672.8960380663524,-674.9446884851066,1.3148177577242963,0.0
0.5309999999999578,-672.8960380675016,-674.9473246057499,1.3165096113907953,0.0
0.5319999999999577,-672.8960380686658,-674.9499821241671,1.3182151980754948,0.0
0.5329999999999576,-672.8960380698256,-674.952659242675,1.3199333640429476,0.0
0.5339999999999575,-672.8960380710001,-674.9553541539083,1.3216629493193164,0.0
0.5349999999999574,-672.8960380721692,-674.9580650417395,1.323402788332318,0.0
0.5359999999999573,-672.8960380733553,-674.9607900823595,1.3251517105522432,0.0
0.5369999999999572,-672.8960380745385,-674.9635274451925,1.3269085411337327,0.0
0.5379999999999571,-672.8960380757223,-674.9662752939623,1.3286721015579808,0.0
0.538999999999957,-672.8960380769132,-674.969031787673,1.3304412102750498,0.0
0.5399999999999568,-672.8960380781065,-674.9717950815949,1.3322146833459696,0.0
0.5409999999999567,-672.896038079297,-674.9745633282753,1.3339913350843096,0.0
0.5419999999999566,-672.8960380804878,-674.9773346785448,1.3357699786969026,0.0
0.5429999999999565,-672.8960380816834,-674.9801072825085,1.3375494269234067,0.0
0.5439999999999564,-672.8960380828731,-674.9828792905214,1.3393284926743911,0.0
0.5449999999999563,-672.8960380840629,-674.9856488542138,1.3411059896676414,0.0
0.5459999999999562,-672.8960380852525,-674.9884141274553,1.3428807330623684,0.0
0.5469999999999561,-672.8960380864359,-674.9911732673402,1.3446515400910226,0.0
0.547999999999956,-672.8960380876208,-674.9939244351872,1.3464172306884024,0.0
0.5489999999999559,-672.8960380887961,-674.9966657974821,1.34817662811777,0.0
0.5499999999999557,-672.8960380899751,-674.999395526892,1.3499285595936643,0.0
0.5509999999999556,-672.8960380911388,-675.002111803173,1.3516718569011241,0.0
0.5519999999999555,-672.8960380923044,-675.0048128141972,1.3534053570110298,0.0
0.5529999999999554,-672.8960380934573,-675.0074967568381,1.3551279026912755,0.0
0.5539999999999553,-672.8960380946104,-675.0101618379741,1.3568383431134874,0.0
0.5549999999999552,-672.8960380957519,-675.0128062753746,1.3585355344550083,0.0
0.5559999999999551,-672.896038096889,-675.0154282986741,1.360218340495872,0.0
0.556999999999955,-672.8960380980122,-675.0180261502584,1.3618856332104896,0.0
0.5579999999999549,-672.8960380991324,-675.0205980862142,1.363536293353785,0.0
0.5589999999999548,-672.8960381002379,-675.0231423771919,1.3651692110415077,0.0
0.5599999999999546,-672.8960381013354,-675.0256573093397,1.3667832863244653,0.0
0.5609999999999545,-672.8960381024225,-675.0281411851618,1.3683774297564153,0.0
0.5619999999999544,-672.896038103496,-675.0305923244009,1.369950562955362,0.0
0.5629999999999543,-672.8960381045615,-675.0330090649121,1.3715016191580127,0.0
0.5639999999999542,-672.8960381056097,-675.0353897634919,1.3730295437671411,0.0
0.5649999999999541,-672.8960381066518,-675.0377327967548,1.3745332948916262,0.0
0.565999999999954,-672.8960381076791,-675.040036561923,1.376011843878919,0.0
0.5669999999999539,-672.8960381086864,-675.0422994776667,1.3774641758397164,0.0
0.5679999999999538,-672.8960381096813,-675.044519984919,1.3788892901646033,0.0
0.5689999999999537,-672.8960381106679,-675.0466965476515,1.3802862010324495,0.0
0.5699999999999535,-672.8960381116301,-675.0488276536366,1.381653937910337,0.0
0.5709999999999534,-672.89603811258,-675.050911815261,1.382991546044805,0.0
0.5719999999999533,-672.8960381135159,-675.0529475702359,1.3842980869442054,0.0
0.5729999999999532,-672.8960381144318,-675.054933482343,1.3855726388519631,0.0
0.5739999999999531,-672.8960381153305,-675.0568681421717,1.3868142972105417,0.0
0.574999999999953,-672.896038116214,-675.0587501678165,1.38802217511592,0.0
0.5759999999999529,-672.8960381170805,-675.0605782055677,1.3891954037623908,0.0
0.5769999999999528,-672.8960381179244,-675.0623509305891,1.3903331328774946,0.0
0.5779999999999527,-672.8960381187535,-675.0640670475968,1.391434531146915,0.0
0.5789999999999526,-672.8960381195594,-675.0657252914759,1.3924987866291494,0.0
0.5799999999999524,-672.8960381203461,-675.0673244279395,1.3935251071597996,0.0
0.5809999999999523,-672.8960381211173,-675.0688632541286,1.3945127207453065,0.0
0.5819999999999522,-672.8960381218651,-675.0703405991984,1.395460875945977,0.0
0.5829999999999521,-672.8960381225935,-675.0717553249214,1.3963688422481428,0.0
0.583999999999952,-672.8960381232972,-675.0731063262286,1.3972359104253071,0.0
0.5849999999999519,-672.8960381239815,-675.0743925317753,1.398061392888135,0.0
0.5859999999999518,-672.8960381246433,-675.0756129044494,1.3988446240231442,0.0
0.5869999999999517,-672.8960381252878,-675.0767664418979,1.3995849605199684,0.0
0.5879999999999516,-672.8960381259062,-675.0778521769973,1.4002817816870634,0.0
0.5889999999999515,-672.8960381265013,-675.0788691783519,1.4009344897557316,0.0
0.5899999999999513,-672.8960381270715,-675.0798165507338,1.4015425101723504,0.0
0.5909999999999512,-672.8960381276225,-675.080693435531,1.4021052918786903,0.0
0.5919999999999511,-672.8960381281481,-675.0814990111465,1.4026223075802156,0.0
0.592999999999951,-672.8960381286463,-675.0822324934136,1.4030930540022692,0.0
0.5939999999999509,-672.8960381291308,-675.0828931359872,1.4035170521340443,0.0
0.5949999999999508,-672.8960381295826,-675.0834802306566,1.4038938474602491,0.0
0.5959999999999507,-672.8960381300134,-675.0839931077506,1.4042230101803843,0.0
0.5969999999999506,-672.8960381304225,-675.0844311364169,1.4045041354155519,0.0
0.5979999999999505,-672.8960381308052,-675.0847937249321,1.4047368434027185,0.0
0.5989999999999503,-672.8960381311592,-675.0850803209925,1.4049207796763685,0.0
0.5999999999999502,-672.8960381314903,-675.0852904119822,1.4050556152374818,0.0
0.6009999999999501,-672.8960381317985,-675.0854235252032,1.4051410467097736,0.0
0.60199999999995,-672.8960381320802,-675.0854792281006,1.405176796483154,0.0
0.6029999999999499,-672.896038132331,-675.0854571284691,1.405162612844351,0.0
0.6039999999999498,-672.8960381325638,-675.0853568746551,1.4050982700946568,0.0
0.6049999999999497,-672.8960381327664,-675.0851781556767,1.404983568654768,0.0
0.6059999999999496,-672.8960381329437,-675.0849207014096,1.4048183351566783,0.0
0.6069999999999495,-672.8960381331053,-675.0845842826984,1.4046024225226101,0.0
0.6079999999999494,-672.8960381332275,-675.0841687114195,1.4043357100309541,0.0
0.6089999999999492,-672.8960381333302,-675.0836738406424,1.4040181033692125,0.0
0.6099999999999491,-672.896038133406,-675.0830995646198,1.4036495346739297,0.0
0.610999999999949,-672.8960381334545,-675.0824458188646,1.403229962557612,0.0
0.6119999999999489,-672.8960381334768,-675.0817125801655,1.4027593721226355,0.0
0.6129999999999488,-672.8960381334781,-675.080899866591,1.4022377749621535,0.0
0.6139999999999487,-672.8960381334496,-675.0800077374533,1.4016652091480113,0.0
0.6149999999999486,-672.8960381333965,-675.0790362932963,1.4010417392056937,0.0
0.6159999999999485,-672.896038133315,-675.0779856758139,1.4003674560763237,0.0
0.6169999999999484,-672.8960381332136,-675.0768560677916,1.3996424770657443,0.0
0.6179999999999483,-672.8960381330822,-675.0756476929769,1.3988669457807228,0.0
0.6189999999999481,-672.8960381329298,-675.0743608159963,1.3980410320523071,0.0
0.619999999999948,-672.8960381327466,-675.0729957421798,1.3971649318463946,0.0
0.6209999999999479,-672.8960381325364,-675.0715528174326,1.3962388671615533,0.0
0.6219999999999478,-672.8960381323063,-675.0700324280464,1.3952630859141597,0.0
0.6229999999999477,-672.8960381320519,-675.068435000486,1.39423786181091,0.0
0.6239999999999476,-672.8960381317654,-675.0667610011794,1.3931634942087796,0.0
0.6249999999999475,-672.8960381314622,-675.0650109363063,1.3920403079624981,0.0
0.6259999999999474,-672.8960381311302,-675.0631853514903,1.39086865325962,0.0
0.6269999999999473,-672.8960381307753,-675.0612848315691,1.3896489054432803,0.0
0.6279999999999472,-672.8960381303948,-675.0593100002717,1.3883814648227175,0.0
0.628999999999947,-672.8960381299908,-675.0572615199181,1.3870667564716603,0.0
0.6299999999999469,-672.8960381295614,-675.055140091078,1.385705230014685,0.0
0.6309999999999468,-672.8960381291101,-675.0529464522278,1.3842973594016421,0.0
0.6319999999999467,-672.8960381286348,-675.0506813793704,1.382843642670263,0.0
0.6329999999999466,-672.8960381281372,-675.0483456856565,1.3813446016970703,0.0
0.6339999999999465,-672.8960381276172,-675.0459402209723,1.3798007819367037,0.0
0.6349999999999464,-672.8960381270692,-675.0434658715126,1.3782127521497962,0.0
0.6359999999999463,-672.8960381265085,-675.0409235593647,1.3765811041195293,0.0
0.6369999999999462,-672.8960381259212,-675.038314242,1.374906452357002,0.0
0.637999999999946,-672.8960381253127,-675.0356389118454,1.373189433795563,0.0
0.638999999999946,-672.8960381246811,-675.0328985957644,1.3714307074742453,0.0
0.6399999999999458,-672.8960381240299,-675.0300943545591,1.3696309542104608,0.0
0.6409999999999457,-672.8960381233571,-675.027227282433,1.367790876262115,0.0
0.6419999999999456,-672.8960381226634,-675.0242985064568,1.365911196979294,0.0
0.6429999999999455,-672.8960381219524,-675.0213091860094,1.3639926604457069,0.0
0.6439999999999454,-672.8960381212196,-675.0182605121929,1.3620360311100406,0.0
0.6449999999999453,-672.8960381204664,-675.0151537072569,1.3600420934074162,0.0
0.6459999999999452,-672.8960381196986,-675.0119900239912,1.3580116513711225,0.0
0.6469999999999451,-672.8960381189069,-675.0087707450878,1.355945528234817,0.0
0.647999999999945,-672.8960381181005,-675.0054971825388,1.3538445660253853,0.0
0.6489999999999448,-672.8960381172731,-675.0021706769547,1.3517096251466532,0.0
0.6499999999999447,-672.8960381164359,-674.9987925969344,1.3495415839541578,0.0
0.6509999999999446,-672.8960381155779,-674.9953643383495,1.3473413383211779,0.0
0.6519999999999445,-672.8960381147008,-674.9918873236896,1.3451098011962348,0.0
0.6529999999999444,-672.8960381138075,-674.9883630013486,1.3428479021522832,0.0
0.6539999999999443,-672.8960381129021,-674.9847928449091,1.3405565869278013,0.0
0.6549999999999442,-672.8960381119773,-674.9811783524032,1.3382368169600127,0.0
0.6559999999999441,-672.8960381110412,-674.9775210455998,1.3358895689104628,0.0
0.656999999999944,-672.8960381100912,-674.9738224692279,1.3335158341831803,0.0
0.6579999999999439,-672.8960381091337,-674.9700841902337,1.3311166184356606,0.0
0.6589999999999437,-672.8960381081514,-674.9663077969763,1.3286929410829118,0.0
0.6599999999999436,-672.896038107163,-674.9624948985027,1.326245834794802,0.0
0.6609999999999435,-672.896038106162,-674.9586471236948,1.32377634498696,0.0
0.6619999999999434,-672.8960381051444,-674.9547661204934,1.3212855293054762,0.0
0.6629999999999433,-672.8960381041212,-674.950853555099,1.3187744571056579,0.0
0.6639999999999432,-672.8960381030847,-674.9469111111162,1.3162442089250987,0.0
0.6649999999999431,-672.8960381020403,-674.9429404887569,1.31369587595132,0.0
0.665999999999943,-672.8960381009854,-674.9389434039817,1.3111305594842513,0.0
0.6669999999999429,-672.896038099923,-674.9349215876679,1.3085493703938107,0.0
0.6679999999999428,-672.8960380988524,-674.9308767847475,1.305953428572866,0.0
0.6689999999999426,-672.8960380977684,-674.9268107533483,1.303343862385836,0.0
0.6699999999999425,-672.8960380966811,-674.9227252639475,1.3007218081132184,0.0
0.6709999999999424,-672.8960380955845,-674.9186220984689,1.2980884093923166,0.0
0.6719999999999423,-672.8960380944841,-674.9145030494338,1.2954448166544485,0.0
0.6729999999999422,-672.8960380933755,-674.9103699190576,1.2927921865589185,0.0
0.6739999999999421,-672.8960380922649,-674.9062245183837,1.290131681424038,0.0
0.674999999999942,-672.8960380911483,-674.9020686663721,1.2874644686554833,0.0
0.6759999999999419,-672.8960380900269,-674.8979041890203,1.284791720172278,0.0
0.6769999999999418,-672.8960380889026,-674.8937329184613,1.2821146118306919,0.0
0.6779999999999416,-672.896038087779,-674.8895566920639,1.2794343228463472,0.0
0.6789999999999415,-672.8960380866482,-674.8853773515174,1.276752035214828,0.0
0.6799999999999414,-672.8960380855167,-674.8811967419516,1.2740689331310868,0.0
0.6809999999999413,-672.8960380843802,-674.8770167110071,1.2713862024079434,0.0
0.6819999999999412,-672.8960380832469,-674.8728391079505,1.2687050298939786,0.0
0.6829999999999411,-672.8960380821151,-674.8686657827448,1.2660266028911111,0.0
0.683999999999941,-672.8960380809804,-674.8644985851494,1.2633521085721677,0.0
0.6849999999999409,-672.8960380798477,-674.8603393638247,1.260682733398738,0.0
0.6859999999999408,-672.8960380787155,-674.8561899654101,1.2580196625396163,0.0
0.6869999999999407,-672.8960380775882,-674.8520522336321,1.2553640792901284,0.0
0.6879999999999405,-672.8960380764624,-674.8479280083875,1.252717164492649,0.0
0.6889999999999404,-672.8960380753387,-674.8438191248541,1.2500800959585998,0.0
0.6899999999999403,-672.8960380742204,-674.8397274125925,1.2474540478922373,0.0
0.6909999999999402,-672.8960380731041,-674.8356546946411,1.2448401903165198,0.0
0.6919999999999401,-672.8960380719953,-674.8316027866415,1.2422396885013605,0.0
0.69299999999994,-672.8960380708924,-674.8275734959359,1.2396537023945549,0.0
0.6939999999999399,-672.8960380697915,-674.8235686206896,1.2370833860556885,0.0
0.6949999999999398,-672.8960380686985,-674.8195899490258,1.234529887093309,0.0
0.6959999999999397,-672.8960380676128,-674.8156392581387,1.2319943461056642,0.0
0.6969999999999396,-672.8960380665368,-674.811718313437,1.2294778961252946,0.0
0.6979999999999394,-672.8960380654684,-674.8078288676777,1.2269816620677696,0.0
0.6989999999999393,-672.8960380644116,-674.8039726601247,1.2245067601848578,0.0
0.6999999999999392,-672.896038063356,-674.8001514156831,1.2220542975224156,0.0
0.7009999999999391,-672.8960380623126,-674.7963668440992,1.219625371383277,0.0
0.701999999999939,-672.8960380612807,-674.7926206390975,1.2172210687954286,0.0
0.7029999999999389,-672.8960380602658,-674.7889144775799,1.2148424659857449,0.0
0.7039999999999388,-672.8960380592522,-674.7852500187859,1.2124906278595622,0.0
0.7049999999999387,-672.8960380582561,-674.7816289035458,1.2101666074863604,0.0
0.7059999999999386,-672.8960380572702,-674.7780527534329,1.207871445591826,0.0
0.7069999999999385,-672.8960380562936,-674.774523170013,1.2056061700565601,0.0
0.7079999999999383,-672.8960380553332,-674.7710417340746,1.2033717954216918,0.0
0.7089999999999382,-672.8960380543941,-674.7676100048612,1.201169322401661,0.0
0.7099999999999381,-672.8960380534587,-674.7642295193019,1.19899973740442,0.0
0.710999999999938,-672.8960380525415,-674.7609017913314,1.1968640120593073,0.0
0.7119999999999379,-672.8960380516412,-674.757628311118,1.1947631027528414,0.0
0.7129999999999378,-672.8960380507519,-674.7544105443648,1.1926979501726735,0.0
0.7139999999999377,-672.8960380498817,-674.7512499316304,1.1906694788599388,0.0
0.7149999999999376,-672.8960380490258,-674.7481478876184,1.1886785967702396,0.0
0.7159999999999375,-672.896038048185,-674.7451058005255,1.186726194843488,0.0
0.7169999999999374,-672.8960380473675,-674.7421250313869,1.1848131465828298,0.0
0.7179999999999372,-672.8960380465651,-674.7392069134112,1.1829403076428706,0.0
0.7189999999999371,-672.8960380457777,-674.736352751378,1.181108515427414,0.0
0.719999999999937,-672.8960380450111,-674.7335638210245,1.1793185886969209,0.0
0.7209999999999369,-672.8960380442636,-674.7308413684351,1.1775713271858914,0.0
0.7219999999999368,-672.8960380435338,-674.7281866094696,1.1758675112303645,0.0
0.7229999999999367,-672.8960380428181,-674.7256007291959,1.1742079014057265,0.0
0.7239999999999366,-672.8960380421329,-674.7230848813643,1.1725932381750146,0.0
0.7249999999999365,-672.8960380414601,-674.7206401878219,1.1710242415478866,0.0
0.7259999999999364,-672.8960380408062,-674.7182677380567,1.1695016107504408,0.0
0.7269999999999363,-672.896038040181,-674.7159685886796,1.1680260239060394,0.0
0.7279999999999361,-672.89603803957,-674.7137437629164,1.1665981377273036,0.0
0.728999999999936,-672.8960380389816,-674.7115942501929,1.1652185872194296,0.0
0.7299999999999359,-672.8960380384186,-674.7095210056622,1.163887985394971,0.0
0.7309999999999358,-672.8960380378705,-674.7075249497702,1.162606923000232,0.0
0.7319999999999357,-672.8960380373508,-674.7056069678856,1.1613759682533973,0.0
0.7329999999999356,-672.8960380368461,-674.7037679098587,1.1601956665945308,0.0
0.7339999999999355,-672.8960380363674,-674.7020085897022,1.1590665404475589,0.0
0.7349999999999354,-672.8960380359155,-674.7003297852048,1.1579890889943527,0.0
0.7359999999999353,-672.8960380354807,-674.6987322375975,1.15696378796101,0.0
0.7369999999999352,-672.8960380350725,-674.6972166512695,1.1559910894164418,0.0
0.737999999999935,-672.8960380346858,-674.6957836934404,1.1550714215833464,0.0
0.7389999999999349,-672.8960380343209,-674.6944339939043,1.1542051886616609,0.0
0.7399999999999348,-672.8960380339795,-674.6931681447712,1.1533927706645613,0.0
0.7409999999999347,-672.8960380336608,-674.6919867002264,1.1526345232670858,0.0
0.7419999999999346,-672.8960380333704,-674.6908901763235,1.1519307776674346,0.0
0.7429999999999345,-672.8960380331006,-674.6898790507689,1.1512818404610101,0.0
0.7439999999999344,-672.8960380328527,-674.6889537627674,1.150687993527235,0.0
0.7449999999999343,-672.896038032634,-674.6881147128624,1.1501494939291943,0.0
0.7459999999999342,-672.8960380324381,-674.687362262781,1.1496665738261298,0.0
0.746999999999934,-672.896038032261,-674.6866967353324,1.149239440398812,0.0
0.7479999999999339,-672.8960380321153,-674.6861184143271,1.1488682757878064,0.0
0.7489999999999338,-672.8960380319919,-674.6856275444621,1.148553237044643,0.0
0.7499999999999337,-672.8960380318865,-674.6852243312909,1.1482944560958932,0.0
0.7509999999999336,-672.8960380318101,-674.6849089411991,1.1480920397201466,0.0
0.7519999999999335,-672.8960380317636,-674.6846815013623,1.1479460695378731,0.0
0.7529999999999334,-672.8960380317369,-674.6845420997502,1.1478566020141572,0.0
0.7539999999999333,-672.8960380317299,-674.6844907851713,1.147823668474267,0.0
0.7549999999999332,-672.8960380317492,-674.6845275673143,1.147847275132032,0.0
0.7559999999999331,-672.8960380317953,-674.6846524167988,1.147927403130981,0.0
0.756999999999933,-672.8960380318657,-674.6848652652628,1.1480640085981941,0.0
0.7579999999999328,-672.8960380319546,-674.6851660054659,1.148257022710812,0.0
0.7589999999999327,-672.8960380320751,-674.6855544914348,1.1485063517751377,0.0
0.7599999999999326,-672.896038032217,-674.6860305385635,1.1488118773182603,0.0
0.7609999999999325,-672.896038032377,-674.6865939238063,1.149173456192122,0.0
0.7619999999999324,-672.8960380325666,-674.6872443858666,1.1495909206899477,0.0
0.7629999999999323,-672.8960380327763,-674.6879816253618,1.1500640786749374,0.0
0.7639999999999322,-672.8960380330126,-674.6888053050793,1.1505927137211334,0.0
0.7649999999999321,-672.8960380332709,-674.689715050189,1.1511765852663478,0.0
0.765999999999932,-672.8960380335516,-674.6907104485148,1.1518154287770446,0.0
0.7669999999999318,-672.8960380338531,-674.6917910508038,1.1525089559250556,0.0
0.7679999999999317,-672.8960380341786,-674.6929563710264,1.1532568547760047,0.0
0.7689999999999316,-672.8960380345267,-674.6942058866788,1.1540587899893127,0.0
0.7699999999999315,-672.8960380348966,-674.6955390391172,1.1549144030296412,0.0
0.7709999999999314,-672.8960380352902,-674.6969552339073,1.1558233123896362,0.0
0.7719999999999313,-672.8960380357006,-674.6984538411773,1.1567851138238183,0.0
0.7729999999999312,-672.896038036136,-674.7000341960232,1.157799380593468,0.0
0.7739999999999311,-672.8960380365944,-674.7016955988818,1.158865663722342,0.0
0.774999999999931,-672.8960380370715,-674.7034373159539,1.1599834922630532,0.0
0.7759999999999309,-672.8960380375707,-674.7052585796456,1.1611523735739464,0.0
0.7769999999999307,-672.8960380380872,-674.7071585890001,1.1623717936062883,0.0
0.7779999999999306,-672.8960380386256,-674.7091365101779,1.163641217201589,0.0
0.7789999999999305,-672.8960380391877,-674.7111914769242,1.1649600883988684,0.0
0.7799999999999304,-672.8960380397632,-674.7133225910532,1.1663278307516736,0.0
0.7809999999999303,-672.8960380403576,-674.7155289229845,1.1677438476546491,0.0
0.7819999999999302,-672.8960380409715,-674.7178095122464,1.1692075226794587,0.0
0.7829999999999301,-672.8960380416084,-674.7201633680211,1.1707182199198471,0.0
0.78399999999993,-672.8960380422594,-674.7225894696804,1.1722752843456372,0.0
0.7849999999999299,-672.8960380429286,-674.7250867673775,1.1738780421654373,0.0
0.7859999999999298,-672.8960380436158,-674.7276541826072,1.1755258011978493,0.0
0.7869999999999296,-672.8960380443219,-674.7302906088023,1.1772178512509412,0.0
0.7879999999999295,-672.8960380450384,-674.7329949119277,1.178953464509767,0.0
0.7889999999999294,-672.8960380457778,-674.7357659311264,1.180731895931695,0.0
0.7899999999999293,-672.8960380465301,-674.7386024793036,1.182552383649312,0.0
0.7909999999999292,-672.8960380472978,-674.7415033438016,1.1844141493806641,0.0
0.7919999999999291,-672.8960380480756,-674.7444672870284,1.1863163988465937,0.0
0.792999999999929,-672.8960380488727,-674.7474930471427,1.1882583221949232,0.0
0.7939999999999289,-672.8960380496881,-674.7505793386987,1.1902390944312433,0.0
0.7949999999999288,-672.8960380505084,-674.7537248533266,1.1922578758560523,0.0
0.7959999999999287,-672.8960380513485,-674.7569282604625,1.1943138125079906,0.0
0.7969999999999285,-672.8960380521995,-674.760188207997,1.1964060366129206,0.0
0.7979999999999284,-672.896038053063,-674.7635033230175,1.1985336670385895,0.0
0.7989999999999283,-672.8960380539389,-674.7668722125128,1.2006958097546145,0.0
0.7999999999999282,-672.8960380548275,-674.7702934640998,1.2028915582975344,0.0
0.8009999999999281,-672.8960380557245,-674.7737656467507,1.205119994240653,0.0
0.801999999999928,-672.8960380566336,-674.7772873115445,1.2073801876684218,0.0
0.8029999999999279,-672.8960380575526,-674.7808569923989,1.2096711976550845,0.0
0.8039999999999278,-672.8960380584784,-674.7844732068279,1.2119920727473206,0.0
0.8049999999999277,-672.8960380594136,-674.7881344567052,1.2143418514506163,0.0
0.8059999999999276,-672.8960380603603,-674.791839229022,1.2167195627190945,0.0
0.8069999999999274,-672.8960380613127,-674.7955859966478,1.2191242264485307,0.0
0.8079999999999273,-672.8960380622768,-674.7993732191223,1.2215548539722845,0.0
0.8089999999999272,-672.8960380632432,-674.8031993434055,1.2240104485598735,0.0
0.8099999999999271,-672.8960380642174,-674.8070628046883,1.2264900059179165,0.0
0.810999999999927,-672.8960380652022,-674.8109620271586,1.2289925146931748,0.0
0.8119999999999269,-672.8960380661878,-674.8148954247782,1.2315169569774174,0.0
0.8129999999999268,-672.8960380671771,-674.8188614020976,1.2340623088138372,0.0
0.8139999999999267,-672.8960380681756,-674.8228583550361,1.2366275407047467,0.0
0.8149999999999266,-672.8960380691748,-674.8268846716585,1.2392116181202801,0.0
0.8159999999999265,-672.8960380701833,-674.8309387329992,1.241813502007831,0.0
0.8169999999999263,-672.8960380711904,-674.8350189138215,1.244432149301955,0.0
0.8179999999999262,-672.8960380722057,-674.8391235834507,1.2470665134344656,0.0
0.8189999999999261,-672.89603807322,-674.8432511065307,1.249715544844459,0.0
0.819999999999926,-672.8960380742325,-674.8473998438448,1.2523781914879932,0.0
0.8209999999999259,-672.8960380752462,-674.851568153104,1.2550533993471613,0.0
0.8219999999999258,-672.8960380762669,-674.8557543897389,1.2577401129382912,0.0
0.8229999999999257,-672.8960380772843,-674.8599569076698,1.2604372758190086,0.0
0.8239999999999256,-672.8960380782931,-674.8641740601163,1.2631438310939007,0.0
0.8249999999999255,-672.8960380793158,-674.868404200405,1.265858721918524,0.0
0.8259999999999253,-672.8960380803305,-674.8726456826804,1.2685808920014932,0.0
0.8269999999999252,-672.896038081343,-674.8768968627544,1.2713092861044024,0.0
0.8279999999999251,-672.8960380823547,-674.8811560988513,1.27404285053932,0.0
0.828999999999925,-672.8960380833628,-674.8854217523774,1.2767805336636036,0.0
0.8299999999999249,-672.8960380843716,-674.8896921886997,1.2795212863717986,0.0
0.8309999999999248,-672.8960380853732,-674.8939657778875,1.2822640625843589,0.0
0.8319999999999247,-672.8960380863704,-674.8982408954918,1.2850078197329577,0.0
0.8329999999999246,-672.896038087368,-674.9025159232872,1.2877515192421456,0.0
0.8339999999999245,-672.8960380883545,-674.9067892499975,1.2904941270071126,0.0
0.8349999999999244,-672.896038089338,-674.9110592720701,1.293234613867332,0.0
0.8359999999999242,-672.8960380903143,-674.9153243943749,1.295971956075841,0.0
0.8369999999999241,-672.896038091286,-674.9195830309482,1.2987051357639419,0.0
0.837999999999924,-672.8960380922492,-674.9238336056948,1.3014331414010927,0.0
0.8389999999999239,-672.8960380932091,-674.9280745531132,1.3041549682497713,0.0
0.8399999999999238,-672.8960380941567,-674.9323043189729,1.3068696188150875,0.0
0.8409999999999237,-672.8960380951003,-674.9365213610373,1.3095761032889432,0.0
0.8419999999999236,-672.8960380960336,-674.9407241497157,1.3122734399885176,0.0
0.8429999999999235,-672.8960380969544,-674.9449111687554,1.3149606557888789,0.0
0.8439999999999234,-672.8960380978756,-674.9490809159181,1.3176367865495202,0.0
0.8449999999999233,-672.8960380987787,-674.9532319035874,1.3203008775346192,0.0
0.8459999999999231,-672.8960380996708,-674.957362659471,1.3229519838268324,0.0
0.846999999999923,-672.8960381005569,-674.9614717272075,1.3255891707344276,0.0
0.8479999999999229,-672.8960381014302,-674.96555766698,1.3282115141915807,0.0
0.8489999999999228,-672.8960381022955,-674.9696190561524,1.3308181011516436,0.0
0.8499999999999227,-672.8960381031449,-674.9736544898469,1.3334080299732172,0.0
0.8509999999999226,-672.8960381039859,-674.9776625815618,1.3359804107988522,0.0
0.8519999999999225,-672.8960381048083,-674.9816419637172,1.3385343659262143,0.0
0.8529999999999224,-672.8960381056263,-674.9855912882623,1.3410690301715478,0.0
0.8539999999999223,-672.8960381064264,-674.9895092271793,1.3435835512252816,0.0
0.8549999999999222,-672.8960381072188,-674.9933944730745,1.3460770899996315,0.0
0.855999999999922,-672.8960381079918,-674.9972457396626,1.348548820968034,0.0
0.8569999999999219,-672.8960381087519,-675.0010617623227,1.3509979324962909,0.0
0.8579999999999218,-672.8960381094954,-675.0048412985723,1.3534236271652662,0.0
0.8589999999999217,-672.8960381102331,-675.0085831285818,1.3558251220850157,0.0
0.8599999999999216,-672.8960381109481,-675.0122860556082,1.3582016492002154,0.0
0.8609999999999215,-672.896038111652,-675.0159489065131,1.360552455586766,0.0
0.8619999999999214,-672.8960381123397,-675.0195705321663,1.3628768037394605,0.0
0.8629999999999213,-672.8960381130091,-675.0231498078988,1.3651739718505913,0.0
0.8639999999999212,-672.8960381136612,-675.0266856339238,1.3674432540794044,0.0
0.864999999999921,-672.8960381143033,-675.030176935744,1.3696839608122846,0.0
0.8659999999999209,-672.8960381149232,-675.0336226645179,1.3718954189135828,0.0
0.8669999999999208,-672.8960381155287,-675.0370217974747,1.37407697196699,0.0
0.8679999999999207,-672.8960381161188,-675.0403733382468,1.3762279805073743,0.0
0.8689999999999206,-672.8960381166914,-675.0436763172238,1.378347822242997,0.0
0.8699999999999205,-672.8960381172535,-675.0469297918936,1.3804358922680333,0.0
0.8709999999999204,-672.896038117787,-675.0501328471248,1.3824916032653265,0.0
0.8719999999999203,-672.8960381183059,-675.0532845955237,1.3845143856993114,0.0
0.8729999999999202,-672.8960381188128,-675.0563841776764,1.3865036879990462,0.0
0.8739999999999201,-672.8960381192966,-675.059430762416,1.388458976731299,0.0
0.87499999999992,-672.8960381197649,-675.0624235471097,1.3903797367636375,0.0
0.8759999999999198,-672.8960381202123,-675.0653617578647,1.392265471417486,0.0
0.8769999999999197,-672.8960381206405,-675.0682446497714,1.3941157026110969,0.0
0.8779999999999196,-672.8960381210518,-675.0710715071043,1.3959299709924182,0.0
0.8789999999999195,-672.8960381214481,-675.073841643512,1.3977078360618251,0.0
0.8799999999999194,-672.8960381218241,-675.0765544021851,1.3994488762846833,0.0
0.8809999999999193,-672.8960381221813,-675.0792091560313,1.401152689193744,0.0
0.8819999999999192,-672.8960381225185,-675.0818053078078,1.402818891481345,0.0
0.8829999999999191,-672.8960381228354,-675.0843422902542,1.4044471190814207,0.0
0.883999999999919,-672.896038123135,-675.0868195662053,1.4060370272413096,0.0
0.8849999999999189,-672.896038123419,-675.0892366286841,1.4075882905833774,0.0
0.8859999999999187,-672.8960381236813,-675.0915930009744,1.409100603156452,0.0
0.8869999999999186,-672.8960381239231,-675.0938882367002,1.4105736784770893,0.0
0.8879999999999185,-672.8960381241482,-675.0961219198699,1.4120072495606963,0.0
0.8889999999999184,-672.8960381243525,-675.0982936648985,1.4134010689425256,0.0
0.8899999999999183,-672.8960381245373,-675.1004031166377,1.4147549086885747,0.0
0.8909999999999182,-672.8960381247043,-675.102449950372,1.4160685603964338,0.0
0.8919999999999181,-672.8960381248561,-675.1044338718054,1.4173418351861056,0.0
0.892999999999918,-672.8960381249849,-675.1063546170201,1.4185745636808578,0.0
0.8939999999999179,-672.8960381250987,-675.1082119524572,1.41976659597815,0.0
0.8949999999999178,-672.896038125186,-675.1100056748206,1.420917801610691,0.0
0.8959999999999176,-672.8960381252584,-675.1117356110445,1.4220280694976868,0.0
0.8969999999999175,-672.8960381253178,-675.1134016181682,1.4230973078863454,0.0
0.8979999999999174,-672.8960381253502,-675.1150035832247,1.4241254442837044,0.0
0.8989999999999173,-672.8960381253679,-675.1165414231614,1.4251124253788603,0.0
0.8999999999999172,-672.8960381253701,-675.1180150846641,1.4260582169556701,0.0
0.9009999999999171,-672.8960381253435,-675.1194245440081,1.426962803796019,0.0
0.901999999999917,-672.8960381253054,-675.120769806935,1.4278261895737332,0.0
0.9029999999999169,-672.8960381252515,-675.1220509084208,1.4286483967392336,0.0
0.9039999999999168,-672.8960381251738,-675.1232679125006,1.4294294663950284,0.0
0.9049999999999166,-672.8960381250846,-675.1244209120835,1.4301694581621425,0.0
0.9059999999999165,-672.8960381249732,-675.125510028688,1.4308684500375917,0.0
0.9069999999999164,-672.8960381248487,-675.1265354122486,1.4315265382430107,0.0
0.9079999999999163,-672.8960381247053,-675.1274972408315,1.4321438370645454,0.0
0.9089999999999162,-672.8960381245397,-675.1283957203894,1.4327204786841352,0.0
0.9099999999999161,-672.8960381243637,-675.129231084498,1.433256613002297,0.0
0.910999999999916,-672.8960381241627,-675.1300035940247,1.4337524074525458,0.0
0.9119999999999159,-672.8960381239527,-675.1307135368847,1.4342080468075729,0.0
0.9129999999999158,-672.896038123726,-675.1313612276714,1.434623732977326,0.0
0.9139999999999157,-672.8960381234765,-675.1319470073541,1.434999684799117,0.0
0.9149999999999155,-672.8960381232196,-675.1324712429603,1.4353361378199065,0.0
0.9159999999999154,-672.8960381229448,-675.1329343271752,1.435633344070906,0.0
0.9169999999999153,-672.8960381226495,-675.1333366780144,1.4358915718346446,0.0
0.9179999999999152,-672.8960381223415,-675.13367873845,1.4361111054046556,0.0
0.9189999999999151,-672.8960381220209,-675.133960976009,1.436292244837935,0.0
0.919999999999915,-672.8960381216847,-675.134183882379,1.4364353057003265,0.0
0.9209999999999149,-672.8960381213288,-675.1343479730044,1.4365406188050034,0.0
0.9219999999999148,-672.8960381209604,-675.1344537866797,1.4366085299442006,0.0
0.9229999999999147,-672.8960381205804,-675.1345018851046,1.4366393996143714,0.0
0.9239999999999146,-672.896038120189,-675.1344928524504,1.436633602734936,0.0
0.9249999999999144,-672.8960381197829,-675.1344272949101,1.4365915283607948,0.0
0.9259999999999143,-672.8960381193658,-675.1343058402509,1.4365135793887838,0.0
0.9269999999999142,-672.8960381189297,-675.1341291373296,1.4364001722582456,0.0
0.9279999999999141,-672.8960381184829,-675.1338978556444,1.4362517366459042,0.0
0.928999999999914,-672.8960381180239,-675.133612684825,1.4360687151552187,0.0
0.9299999999999139,-672.8960381175561,-675.1332743341561,1.4358515630004074,0.0
0.9309999999999138,-672.8960381170772,-675.1328835320644,1.4356007476853252,0.0
0.9319999999999137,-672.896038116584,-675.132441025617,1.4353167486773921,0.0
0.9329999999999136,-672.8960381160786,-675.1319475800112,1.4350000570767516,0.0
0.9339999999999135,-672.89603811557,-675.1314039780545,1.434651175280869,0.0
0.9349999999999133,-672.8960381150459,-675.1308110196055,1.434270616644751,0.0
0.9359999999999132,-672.8960381145092,-675.1301695210758,1.4338589051369925,0.0
0.9369999999999131,-672.8960381139615,-675.1294803148706,1.4334165749918504,0.0
0.937999999999913,-672.8960381134132,-675.1287442488515,1.4329441703575374,0.0
0.9389999999999129,-672.8960381128505,-675.1279621857492,1.4324422449409477,0.0
0.9399999999999128,-672.8960381122818,-675.1271350026511,1.431911361649013,0.0
0.9409999999999127,-672.8960381117005,-675.1262635904015,1.4313520922268914,0.0
0.9419999999999126,-672.8960381111181,-675.1253488530648,1.4307650168932045,0.0
0.9429999999999125,-672.8960381105239,-675.1243917073136,1.4301507239725173,0.0
0.9439999999999124,-672.8960381099216,-675.1233930818883,1.4295098095252823,0.0
0.9449999999999122,-672.8960381093111,-675.1223539169985,1.4288428769754455,0.0
0.9459999999999121,-672.8960381086998,-675.1212751637515,1.4281505367359293,0.0
0.946999999999912,-672.8960381080803,-675.1201577835427,1.4274334058322067,0.0
0.9479999999999119,-672.8960381074536,-675.1190027474897,1.4266921075241659,0.0
0.9489999999999118,-672.8960381068251,-675.1178110358375,1.4259272709264925,0.0
0.9499999999999117,-672.8960381061949,-675.1165836373542,1.425139530627765,0.0
0.9509999999999116,-672.8960381055501,-675.1153215487295,1.4243295263084896,0.0
0.9519999999999115,-672.896038104904,-675.114025774016,1.423497902358275,0.0
0.9529999999999114,-672.8960381042566,-675.1126973239932,1.4226453074923688,0.0
0.9539999999999113,-672.8960381036042,-675.1113372155784,1.4217723943677598,0.0
0.9549999999999111,-672.8960381029499,-675.1099464712395,1.4208798191990633,0.0
0.955999999999911,-672.8960381022922,-675.1085261183837,1.419968241374398,0.0
0.9569999999999109,-672.896038101638,-675.1070771887738,1.419038323071468,0.0
0.9579999999999108,-672.8960381009739,-675.1056007179008,1.4180907288740565,0.0
0.9589999999999107,-672.8960381003145,-675.1040977444364,1.4171261253891478,0.0
0.9599999999999106,-672.8960380996471,-675.1025693095821,1.4161451808648786,0.0
0.9609999999999105,-672.8960380989824,-675.1010164565263,1.415148564809533,0.0
0.9619999999999104,-672.8960380983219,-675.0994402298195,1.4141369476117882,0.0
0.9629999999999103,-672.896038097655,-675.0978416747831,1.4131110001624148,0.0
0.9639999999999102,-672.8960380969929,-675.0962218369552,1.4120713934776352,0.0
0.96499999999991,-672.8960380963273,-675.0945817614664,1.4110187983243534,0.0
0.9659999999999099,-672.8960380956621,-675.0929224924901,1.409953884847444,0.0
0.9669999999999098,-672.8960380950017,-675.0912450726535,1.4088773221993167,0.0
0.9679999999999097,-672.8960380943432,-675.0895505424573,1.407789778171945,0.0
0.9689999999999096,-672.8960380936852,-675.0878399397146,1.4066919188315614,0.0
0.9699999999999095,-672.8960380930336,-675.0861142989919,1.4055844081562123,0.0
0.9709999999999094,-672.8960380923817,-675.08437465103,1.4044679076763735,0.0
0.9719999999999093,-672.8960380917298,-675.0826220222074,1.4033430761188068,0.0
0.9729999999999092,-672.8960380910847,-675.0808574339918,1.4022105690538595,0.0
0.973999999999909,-672.8960380904431,-675.0790819023782,1.401071038546385,0.0
0.9749999999999089,-672.8960380898053,-675.0772964373656,1.399925132810477,0.0
0.9759999999999088,-672.8960380891733,-675.075502042423,1.3987734958681939,0.0
0.9769999999999087,-672.8960380885454,-675.0736997139584,1.3976167672124604,0.0
0.9779999999999086,-672.896038087921,-675.0718904408058,1.3964555814743171,0.0
0.9789999999999085,-672.8960380873045,-675.0700752037171,1.3952905680946976,0.0
0.9799999999999084,-672.8960380866938,-675.068254974847,1.3941223510009038,0.0
0.9809999999999083,-672.8960380860893,-675.0664307172655,1.3929515482879509,0.0
0.9819999999999082,-672.8960380854883,-675.0646033844627,1.391778771904942,0.0
0.9829999999999081,-672.8960380848988,-675.0627739198833,1.3906046273466426,0.0
0.983999999999908,-672.8960380843097,-675.0609432564238,1.3894297133504112,0.0
0.9849999999999078,-672.8960380837333,-675.0591123160117,1.3882546215986404,0.0
0.9859999999999077,-672.8960380831627,-675.0572820091078,1.3870799364268669,0.0
0.9869999999999076,-672.8960380825982,-675.0554532342873,1.385906234537697,0.0
0.9879999999999075,-672.8960380820433,-675.0536268777987,1.3847340847206913,0.0
0.9889999999999074,-672.8960380814966,-675.0518038131296,1.3835640475783546,0.0
0.9899999999999073,-672.8960380809574,-675.0499849005944,1.3823966752583683,0.0
0.9909999999999072,-672.896038080428,-675.0481709869293,1.3812325111922,0.0
0.9919999999999071,-672.8960380799089,-675.0463629048911,1.3800720898402208,0.0
0.992999999999907,-672.8960380793958,-675.0445614728668,1.3789159364434547,0.0
0.9939999999999068,-672.896038078898,-675.0427674945153,1.3777645667820897,0.0
0.9949999999999067,-672.8960380784043,-675.0409817583691,1.3766184869408604,0.0
0.9959999999999066,-672.8960380779231,-675.0392050375181,1.3754781930814235,0.0
0.9969999999999065,-672.8960380774492,-675.0374380892342,1.37434417122183,0.0
0.9979999999999064,-672.8960380769855,-675.0356816546598,1.3732168970232057,0.0
0.9989999999999063,-672.8960380765401,-675.033936458484,1.3720968355837369,0.0
0.9999999999999062,-672.8960380760958,-675.0322032086029,1.3709844412400596,0.0
1.0009999999999062,-672.8960380756679,-675.0304825958796,1.3698801573761425,0.0
1.001999999999906,-672.8960380752519,-675.0287752938054,1.368784416239756,0.0
1.002999999999906,-672.8960380748457,-675.0270819582489,1.367697638766602,0.0
1.0039999999999059,-672.8960380744464,-675.0254032271899,1.3666202344121903,0.0
1.0049999999999057,-672.8960380740656,-675.0237397204855,1.36555260099153,0.0
1.0059999999999056,-672.8960380736905,-675.0220920395938,1.3644951245267067,0.0
1.0069999999999055,-672.8960380733265,-675.0204607673904,1.363448179102408,0.0
1.0079999999999054,-672.8960380729787,-675.018846467939,1.362412126729453,0.0
1.0089999999999053,-672.8960380726422,-675.01724968628,1.3613873172163877,0.0
