0.0,836.6098697773688,-675.824898080776,970.6761446341885,0.0
0.010000000000000002,836.6085018291901,-666.8442985421582,964.9115445624378,0.0
0.02000000000000001,836.6045548242142,-641.7287495344668,948.7899265839911,0.0
0.03000000000000002,836.5981323030231,-596.0428958500482,919.4647593441293,0.0
0.04000000000000003,836.5912519546521,-523.1714053428573,872.6916372547192,0.0
0.05000000000000004,836.5912044125025,-418.14704819634585,805.2872860706609,0.0
0.060000000000000046,836.608954689191,-288.4228736003003,722.0420879515389,0.0
0.07000000000000005,836.6373144558686,-166.09569185786998,643.5510670284724,0.0
0.08000000000000006,836.6455602680744,-93.74616828850236,597.1226496953562,0.0
0.09000000000000007,836.6303659624061,-84.52640074879672,591.1956785952366,0.0
0.10000000000000007,836.6137750931497,-116.594533109866,611.7662627857301,0.0
0.11000000000000008,836.6050806151521,-161.99190127122552,640.8965788280001,0.0
0.12000000000000009,836.6028652122422,-203.02206397328513,667.228193620876,0.0
0.1300000000000001,836.6053029114332,-232.65994492056691,686.2512621464903,0.0
0.1400000000000001,836.6105409102679,-252.06516892471382,698.7088390437108,0.0
0.1500000000000001,836.614103405999,-267.0589136591539,708.3340663073585,0.0
0.16000000000000011,836.6144855723953,-281.80311003173205,717.7970930471737,0.0
0.17000000000000012,836.6149716043767,-296.52252155265523,727.2442796033899,0.0
0.18000000000000013,836.615823106193,-311.0693137390666,736.5809141405598,0.0
0.19000000000000014,836.6152647415845,-325.48783168928253,745.8343178056107,0.0
0.20000000000000015,836.6141830863808,-338.100991093805,753.928711868551,0.0
0.21000000000000016,836.614333338,-346.63806422851894,759.4078764967632,0.0
0.22000000000000017,836.6158806629921,-350.61427871095634,761.9607922175362,0.0
0.23000000000000018,836.617895959141,-351.68287822217883,762.6479096229891,0.0
0.24000000000000019,836.6191863869606,-352.2864585229436,763.0361138611499,0.0
0.25000000000000017,836.6192464401511,-353.92528513908496,764.0879464608014,0.0
0.2600000000000002,836.6187063360258,-356.4212345047178,765.6894927176854,0.0
0.2700000000000002,836.6184162901357,-358.7151888574015,767.161559661476,0.0
0.2800000000000002,836.6185584890836,-360.02749561277824,768.0038855046046,0.0
0.2900000000000002,836.6188766159448,-360.1931636426502,768.1104149272974,0.0
0.3000000000000002,836.6192267278494,-359.3778544404653,767.5873766022077,0.0
0.3100000000000002,836.6195818909523,-357.8635282021116,766.6157144600492,0.0
0.32000000000000023,836.6198457209894,-355.96858627502064,765.3997156813542,0.0
0.33000000000000024,836.6199567321928,-353.9021493172013,764.0735538223148,0.0
0.34000000000000025,836.6199720394168,-351.66500392019515,762.6377703711911,0.0
0.35000000000000026,836.6199776745477,-349.1081412056473,760.996787087169,0.0
0.36000000000000026,836.6200726422403,-346.0605629570376,759.0409213633552,0.0
0.3700000000000003,836.6203374560135,-342.48296678129157,756.7450007138742,0.0
0.3800000000000003,836.6207285219873,-338.5827640446277,754.2421131594803,0.0
0.3900000000000003,836.6210833527866,-334.75619868848395,751.786462601698,0.0
0.4000000000000003,836.6212468240611,-331.36510391021227,749.6101729542069,0.0
0.4100000000000003,836.6211828875219,-328.51867405086864,747.7833016852887,0.0
0.4200000000000003,836.6209825800952,-326.0170036831841,746.1776085123333,0.0
0.4300000000000003,836.6207822813515,-323.47262167528726,744.5445031410437,0.0
0.44000000000000034,836.620680267019,-320.5020019822077,742.6379027672534,0.0
0.45000000000000034,836.6207120637891,-316.8707239861871,740.3073797352436,0.0
0.46000000000000035,836.6208688158331,-312.55130181247665,737.5352880085421,0.0
0.47000000000000036,836.6211160702233,-307.7131691749512,734.4303475299956,0.0
0.48000000000000037,836.6213960767266,-302.6696906986006,731.1936377218306,0.0
0.4900000000000004,836.6216299459923,-297.78834052709266,728.0609517677241,0.0
0.5000000000000003,836.6217452230762,-293.37208682840486,725.2266872372122,0.0
0.5100000000000003,836.6217223245937,-289.55356337444306,722.7759555228475,0.0
0.5200000000000004,836.6216108864745,-286.26521069748753,720.6654290149777,0.0
0.5300000000000004,836.6214900698923,-283.30658092325496,718.7665116682855,0.0
0.5400000000000004,836.6214153342578,-280.4559998360481,716.9369692228197,0.0
0.5500000000000004,836.621400197257,-277.5535293793981,715.0741625842953,0.0
0.5600000000000004,836.621430202332,-274.52618851105603,713.1312434582516,0.0
0.5700000000000004,836.621482346922,-271.3713205847553,711.1064920540248,0.0
0.5800000000000004,836.6215367937191,-268.1249126769522,709.0229920389387,0.0
0.5900000000000004,836.6215818953461,-264.83272545012835,706.91010499509,0.0
0.6000000000000004,836.6216152874731,-261.53248187158266,704.7920398934975,0.0
0.6100000000000004,836.6216413397117,-258.2490727661994,702.6847743960922,0.0
0.6200000000000004,836.62166576424,-254.99931775129275,700.5991069493994,0.0
0.6300000000000004,836.6216905504907,-251.79889879714477,698.545103472209,0.0
0.6400000000000005,836.6217124745779,-248.66452283293967,696.5334843529996,0.0
0.6500000000000005,836.6217256587307,-245.60919238388294,694.5725908015171,0.0
0.6600000000000005,836.6217258130607,-242.6339943243504,692.6631176172715,0.0
0.6700000000000005,836.6217130741111,-239.72218610279128,690.794319568008,0.0
0.6800000000000005,836.6216918424986,-236.839509710348,688.9442127896328,0.0
0.6900000000000005,836.6216683092821,-233.94057433993436,687.0836695702953,0.0
0.7000000000000005,836.6216476514202,-230.97792429108117,685.1822363048545,0.0
0.7100000000000005,836.6216324486765,-227.90985159254583,683.2131465968534,0.0
0.7200000000000005,836.6216225976859,-224.70462900511302,681.156037932001,0.0
0.7300000000000005,836.6216161266316,-221.34093277780332,678.9972235247076,0.0
0.7400000000000005,836.6216102521537,-217.80556235157724,676.7282295090131,0.0
0.7500000000000006,836.6203718683473,-213.4116424006254,673.9074299359633,1.7521929627134933
0.7600000000000006,836.6204855066367,-207.4753817653473,670.097628413628,3.503475190203045
0.7700000000000006,836.6206700781686,-200.18902307694498,665.4213834930533,5.168568981461638
0.7800000000000006,836.620912125675,-191.86390662137575,660.0785038087771,6.705865664298353
0.7900000000000006,836.6211985578527,-182.9084662678116,654.3311126037156,8.076949920323147
0.8000000000000006,836.6215171181847,-173.8056044887404,648.4891273851104,9.24755975718396
0.8100000000000006,836.6218511408861,-165.08927093732987,642.8952247593845,10.18844268744316
0.8200000000000006,836.6221690393562,-157.3126401099842,637.9044102041495,10.876086716964439
0.8300000000000006,836.6222323734453,-150.94140647270729,633.8154120151802,11.78180161876286
0.8400000000000006,836.6223726314932,-146.15560282496838,630.7439874570151,12.740564886898087
0.8500000000000006,836.6223650957056,-143.1561294653174,628.8189295217156,13.382705520778345
0.8600000000000007,836.6222190121641,-141.9388923080456,628.0376165713341,13.692181901629297
0.8700000000000007,836.621980906931,-142.28046535583732,628.2566843242797,13.66126465280017
0.8800000000000007,836.6217030090256,-143.80464596356993,629.2347205600292,13.290729660968783
0.8900000000000007,836.6214208686414,-146.06066114935155,630.6824433328475,12.589838569875033
0.9000000000000007,836.6211531542519,-148.58082730294922,632.2997066712884,11.576107237891184
0.9100000000000007,836.6209131469163,-150.91498082657463,633.7976054382614,10.274867950775015
0.9200000000000007,836.6207169845794,-152.6559727826533,634.914843011461,8.718636336715246
0.9300000000000007,836.6205830646613,-153.46734339686523,635.4354923138558,6.9462988129293155
0.9400000000000007,836.6221791117598,-153.11563915300601,635.2107939124049,5.117036548527033
0.9500000000000007,836.6221539030329,-152.28148899380514,634.675422637361,4.840006736726849
0.9600000000000007,836.6221263926172,-151.52774567425314,634.1916547561142,4.442453055589992
0.9700000000000008,836.6220986845393,-150.79168610509578,633.7192361265207,3.9343083135215853
0.9800000000000008,836.6220730498715,-150.01203769536718,633.2188436391424,3.3282682441682176
0.9900000000000008,836.6217068399905,-149.13220784964133,632.6539364233497,2.6888678972296267
1.0000000000000007,836.6217000216938,-147.94461537627228,631.891738723123,2.741553599859433
1.0099999999999996,836.6217175876345,-146.30130601453013,630.8370789263793,2.728174874043646
1.0199999999999985,836.6217575522551,-144.2217189066609,629.5024317425855,2.649055806270775
1.0299999999999974,836.62191344232,-141.83669615783558,627.9718312716602,3.083515357206308
1.0399999999999963,836.621964610423,-139.44550351087395,626.437203768181,3.69931328553693
1.0499999999999952,836.6220095295844,-137.14155094951053,624.9585626821308,4.22467968258747
1.059999999999994,836.6220463422887,-134.99483356983419,623.5808294662643,4.646480275916662
1.069999999999993,836.6220732126542,-133.0628537028768,622.3409077676894,4.954168797522287
1.0799999999999919,836.6220881196418,-131.38724381117459,621.2655158801871,5.140050443237054
1.0899999999999908,836.6220891646572,-129.99036830965218,620.369006000359,5.1994740473949745
1.0999999999999897,836.6220751567857,-128.87235393752638,619.651458704733,5.130948165833371
1.1099999999999886,836.6220461561641,-128.00937992134564,619.0975859302108,4.936178162228597
1.1199999999999875,836.6220037629319,-127.35399775479453,618.676936393246,4.620023367665856
1.1299999999999863,836.621951090915,-126.83788202399678,618.3456610444681,4.190375382092744
1.1399999999999852,836.6218924716436,-126.37694879696592,618.0497978458786,3.6579605591800295
1.1499999999999841,836.6218329804695,-125.87837246560282,617.7297748550806,3.0360716141121364
1.159999999999983,836.6217778828393,-125.24875846065166,617.3256550940977,2.340235069793751
1.169999999999982,836.6217320869015,-124.40260222402252,616.7825651413873,1.587822866655179
1.1799999999999808,836.6216996706985,-123.27016978935578,616.0557525616073,0.7976178643803509
1.1899999999999797,836.6218492880145,-121.80407182166687,615.1149112617289,0.0
1.1999999999999786,836.6218401053579,-120.13123895580209,614.0412862005039,0.0
1.2099999999999775,836.6218319266371,-118.3847760408237,612.9204062366375,0.0
1.2199999999999764,836.6218262714309,-116.55992678762864,611.7492197731631,0.0
1.2299999999999753,836.6218249301254,-114.65688398435779,610.5278516900013,0.0
1.2399999999999742,836.6218298190028,-112.6833817679413,609.2612669631411,0.0
1.2499999999999731,836.6218427092939,-110.65736977632423,607.960986753706,0.0
1.259999999999972,836.621864710245,-108.60932776904374,606.6465735928047,0.0
1.269999999999971,836.6218953753944,-106.58342613299993,605.3463756171003,0.0
1.2799999999999698,836.6219315810858,-104.63624369640185,604.0967029458405,0.0
1.2899999999999687,836.6219670030977,-102.83154366884722,602.9384745588094,0.0
1.2999999999999676,836.621993472842,-101.23057920284464,601.9109973048932,0.0
1.3099999999999665,836.62200447153,-99.88002698288427,601.0442239579073,0.0
1.3199999999999654,836.6219985499457,-98.80242111618374,600.3526159108733,0.0
1.3299999999999643,836.621644558878,-97.97652801726048,599.8223329810756,0.2786416729517524
1.3399999999999632,836.6216334533132,-97.18270842122055,599.3128547931224,1.0539907550893932
1.3499999999999621,836.6205079237064,-95.96642422185651,598.5315248427199,3.1173986688989164
1.359999999999961,836.6205998379783,-93.7383597929705,597.1016186961565,5.305044256448527
1.36999999999996,836.6207495242918,-90.63395658177168,595.1093179982759,7.358351855653579
1.3799999999999588,836.6209413777418,-86.88868499118963,592.7057369395469,9.22602508661933
1.3899999999999577,836.6211571979239,-82.8044599265127,590.0846319290408,10.86140576489427
1.3999999999999566,836.6213764965942,-78.72078312840263,587.4638810268733,12.223643343785772
1.4099999999999555,836.6215774880519,-74.98229675100796,585.0646605625736,13.278722646337837
1.4199999999999544,836.6217392083208,-71.90448844559006,583.089436119638,14.000326186149788
1.4299999999999533,836.6218439359978,-69.74080323888315,581.7008565903769,14.370512703210204
1.4399999999999522,836.6218789465031,-68.65485843705846,581.0039229096263,14.380200068415448
1.449999999999951,836.6218372968615,-68.70056288750483,581.0332291596415,14.029448711344568
1.45999999999995,836.6217180303421,-69.81158362545916,581.7462024265071,13.327551647802986
1.469999999999949,836.6215263633295,-71.80073286909577,583.0227094953392,12.292949656232038
1.4799999999999478,836.6212739735748,-74.36971665326642,584.671313679481,10.953005807182382
1.4899999999999467,836.6209790014177,-77.1297229380003,586.4424882082105,9.343692257035485
1.4999999999999456,836.6202060540984,-79.6327769503253,588.0484447681821,7.5347745779842965
1.5099999999999445,836.619922450393,-81.15140000100232,589.0229105183445,6.593810951500993
1.5199999999999434,836.6197294250283,-81.04582375338153,588.9550281128984,5.5135263338706215
1.5299999999999423,836.6199174565813,-79.09848043174478,587.7053496274857,4.629067059262127
1.5399999999999412,836.6203451773836,-75.45680450567188,585.3684073377011,4.028796557519491
1.54999999999994,836.6207227123592,-70.97383031436964,582.4914901094128,4.838858406231185
1.559999999999939,836.6212372514932,-66.80030024908304,579.8132611315372,5.528743985838541
1.569999999999938,836.6216226456622,-63.742029078501524,577.8507191169924,6.081218029163644
1.5799999999999368,836.6216350232237,-62.379173169545126,576.976050183887,6.482477601800519
1.5899999999999357,836.621343667402,-62.735570526046054,577.2045979580895,6.722496921554441
1.5999999999999346,836.6209397451192,-64.34103732838108,578.2347225501808,7.141423603118432
1.6099999999999335,836.6207460292038,-66.50293654127621,579.6220987215275,7.717393642475891
1.6199999999999324,836.6206714029586,-68.818597254978,581.1082349990769,8.101232599716917
1.6299999999999313,836.6206497939919,-71.08592841133385,582.5633875365107,8.283349579511281
1.6399999999999302,836.6205570759165,-73.01777844352371,583.8031836466524,9.161400723834994
1.649999999999929,836.6206058837947,-73.82694125626657,584.322533262775,10.409551677666098
1.659999999999928,836.6207052493361,-73.47140021466586,584.0944118501417,11.399517901466826
1.6699999999999269,836.6207960661478,-72.05478312842111,583.1852894951105,12.440044872703432
1.6799999999999258,836.6209809281153,-69.73867418103461,581.6989362914721,13.247746736105372
1.6899999999999247,836.6203270635375,-66.71390103389315,579.7572262157598,14.353066149331143
1.6999999999999236,836.6206696458071,-62.43262857261182,577.0097381265425,17.098318834612012
1.7099999999999225,836.6210325119885,-56.91294447075624,573.4674541405502,20.662283396129336
1.7199999999999214,836.6212873523594,-50.88142752029397,569.5966080209569,24.01024754394041
1.7299999999999203,836.6217115508396,-44.320104483453505,565.3858426212872,27.935954018664905
1.7399999999999192,836.6221396073198,-37.58919003405793,561.0662364324927,31.16217228185492
1.749999999999918,836.6225272131658,-31.36250445976937,557.0702168779368,33.608406989895485
1.759999999999917,836.6228374411913,-26.25028071735677,553.7894059581537,35.213668288386856
1.7699999999999159,836.6230442042817,-22.740466373212605,551.536950230241,35.93797808991273
1.7799999999999148,836.6231323693029,-21.156714220112764,550.5205593834999,35.76335842594161
1.7899999999999137,836.6225274097253,-21.61739121689474,550.8158322513406,34.96691546809665
1.7999999999999126,836.6225766756642,-23.617565696870436,552.0995699141819,35.356208908592315
1.8099999999999115,836.6223795586502,-26.739170214950082,554.1028799188771,35.18924437707338
1.8199999999999104,836.6219211212778,-30.514742217814955,556.5257365994979,35.00016328148298
1.8299999999999093,836.6215270309599,-33.89029134712472,558.6919010850122,34.63348053552064
1.8399999999999082,836.6215238796902,-36.237069696024506,560.198054440892,36.070266483381516
1.849999999999907,836.6214100868974,-37.371746400290064,560.9262135497393,37.57849777354632
1.859999999999906,836.6214433300465,-37.12300405538392,560.7665927864776,38.21395853024425
1.8699999999999048,836.6214453275082,-35.473285650572876,559.7078096931126,38.23665869618791
1.8799999999999037,836.6215015569531,-32.4823710895627,557.7882856937125,37.30455204639085
1.8899999999999026,836.6221215050491,-28.41202090809962,555.1763449101637,36.55919193417631
1.8999999999999015,836.6234748922284,-24.2030759875372,552.4759251534798,37.493406834850624
1.9099999999999004,836.6237145662707,-20.636721099133364,550.1872029942425,37.56548378496785
1.9199999999998993,836.6241230376334,-18.190323908230546,548.6173746944975,37.30181168949368
1.9299999999998982,836.6235033154633,-17.993781342619073,548.4908365234384,37.289378577973494
1.9399999999998971,836.623275796844,-19.981161006286406,549.7661848716441,37.244834442608536
1.949999999999896,836.6226588923244,-23.62912923988818,552.107044128175,36.290434134109965
1.959999999999895,836.6218850180396,-28.04693974171741,554.9418851245935,34.460707882832914
1.9699999999998938,836.6212527996394,-32.12401413134451,557.5581336099376,31.817361814201007
1.9799999999998927,836.6209960111697,-34.963119217136644,559.3800980205738,28.449189730140862
1.9899999999998916,836.6218483791748,-36.26047400699817,560.2132835210095,24.81573482383037
1.9999999999998905,836.6216823417224,-36.69407516514198,560.4914608948989,23.46124946715865
2.0099999999998897,836.6220488928572,-37.10110592322932,560.7529272786757,21.728442132129754
2.0199999999998886,836.6223387848839,-38.26588750980867,561.5006666953502,20.740354779880214
2.0299999999998875,836.6217320051951,-40.376027197594446,562.8545586540166,19.686164524112424
2.0399999999998863,836.6217871115451,-42.67140479309348,564.3277605485046,18.970148636750125
2.0499999999998852,836.6217944532486,-44.9103391659362,565.7647066950244,18.195388666015468
2.059999999999884,836.6210965369883,-46.964344775709606,567.0825134778647,17.352353819494382
2.069999999999883,836.6206090964275,-48.352886151941235,567.9733623736021,17.65323925676618
2.079999999999882,836.6207252984013,-48.62942322545021,568.150917624614,18.0132220498491
2.089999999999881,836.6203535353476,-47.88173348251938,567.6708139705524,18.69325196599682
2.0999999999998797,836.6201880788475,-45.94933134650268,566.4304978261374,21.07689889430974
2.1099999999998786,836.6203967075335,-42.45115564896671,564.1855129444045,24.084463794235926
2.1199999999998775,836.620491811849,-37.427530935546194,560.9614265526805,27.0365101902843
2.1299999999998764,836.6208441440986,-31.27775759873206,557.0147464053466,29.88055380995799
2.1399999999998753,836.6211023213228,-24.968200271355947,552.9654569387429,32.6917799104096
2.1499999999998742,836.6212370222984,-19.05858034161279,549.1727668601116,34.69652287890438
2.159999999999873,836.6212412664842,-13.845588166550701,545.8270866798459,35.844581592199766
2.169999999999872,836.6198007682889,-9.301300703356711,542.9096519673618,36.98899655743306
2.179999999999871,836.6199224788656,-4.471182804698397,539.8097747507832,39.06033892402392
2.18999999999987,836.6215271878148,0.39866105297759946,536.6853533155795,40.36100808215002
2.1999999999998687,836.6214130789981,3.824500514987485,534.4865864831196,43.06902253174883
2.2099999999998676,836.6213233753272,4.892144595591073,533.8013181097384,45.21131378909738
2.2199999999998665,836.6190972858143,3.804720731449559,534.4977948202902,46.91402694410618
2.2299999999998654,836.61788577533,2.844394890475934,535.1133515506485,48.980248434677854
2.2399999999998643,836.6170856115167,4.0166155441780464,534.360510271858,49.903284120459766
2.249999999999863,836.6167173352665,8.498834938139215,531.4835988108318,50.27885980129352
2.259999999999862,836.6178782981633,16.332639592609585,526.4566313393045,50.40459399061297
2.269999999999861,836.6215280769826,24.70029579073685,521.0886368463672,50.60487169995372
2.27999999999986,836.6234328237196,28.56825572278783,518.6074141040878,50.685008932855446
2.289999999999859,836.6212076552451,25.400111981446415,520.639291246722,51.383105742927505
2.2999999999998577,836.6191108856727,18.176104287129967,525.2742922413431,51.773377868740276
2.3099999999998566,836.6178560940394,10.322861599415868,530.3136747659037,51.47331489209139
2.3199999999998555,836.6178289949291,3.536282520821346,534.6692636817379,52.712933140264674
2.3299999999998544,836.6180293026321,-1.9882573210045933,538.215025510557,53.54321304175941
2.3399999999998533,836.6175934725749,-6.292561117257536,540.9772351960416,53.445467584352045
2.349999999999852,836.6173465947452,-8.735826347597698,542.545157123044,52.83272623804179
2.359999999999851,836.617089029093,-8.803093593340128,542.5881637368203,50.92857971231263
2.36999999999985,836.6176466539928,-6.475585150235713,541.0947336088109,49.13120604738365
2.379999999999849,836.6180215480033,-2.776448669107808,538.7208794012747,48.35478364929577
2.389999999999848,836.6190805128989,1.411486515477052,536.0337546714301,46.423043067614266
2.3999999999998467,836.621056104649,4.07820107786045,534.3235331098523,45.16354156234728
2.4099999999998456,836.6213057555278,3.0494816952743813,534.9839223812297,42.96749420377094
2.4199999999998445,836.6206174642044,-1.9252636661645628,538.1762574442802,40.901273113558894
2.4299999999998434,836.6194440515064,-9.732912625231036,543.1864302778902,38.80927727021393
2.4399999999998423,836.6187219497442,-18.59238141397639,548.8719476060783,37.02836584516637
2.449999999999841,836.6182101288933,-27.262935449089582,554.4363549638077,35.35216823251872
2.45999999999984,836.6182863754145,-34.794512163368765,559.270147477759,33.90180245219011
2.469999999999839,836.6182140131348,-40.66092402783999,563.0351467571439,32.21757041326358
2.479999999999838,836.6182207758145,-44.69578779386984,565.624714685718,29.732427421930904
2.489999999999837,836.6189408457108,-47.10555597457063,567.1717588898717,28.144115400989214
2.4999999999998357,836.6190060524771,-48.46103708759557,568.0417444942304,26.200469034111762
2.5099999999998346,836.6199289685331,-48.87579658449674,568.3085282329915,24.06393720794049
2.5199999999998335,836.6197014495092,-49.08233366365051,568.4409370962918,23.65832795168285
2.5299999999998324,836.6196233919594,-49.31887766921376,568.5927002398223,22.874890005767398
2.5399999999998313,836.6199903165722,-49.553050535310604,568.7432271813127,22.06765721221266
2.54999999999983,836.6196619359337,-49.991750691593765,569.0245728856976,21.314486660466404
2.559999999999829,836.6191826381148,-50.31457778359106,569.2314547431727,20.031031219956155
2.569999999999828,836.6185650383082,-49.95257230824735,568.9987243299194,18.248879612906794
2.579999999999827,836.6181951391425,-48.325509470578424,567.9542428301457,16.712842002925033
2.5899999999998258,836.6176723016281,-44.9399024653329,565.7810347481499,14.865466689941341
2.5999999999998247,836.617894632216,-39.55249521541989,562.3235554577687,12.644155259623703
2.6099999999998236,836.619343174453,-33.125644773252596,558.1997515909864,10.104175417001267
2.6199999999998225,836.6214296358497,-28.45637969999568,555.2043702115334,8.198452746753027
2.6299999999998214,836.6218794083128,-28.68504907528781,555.3514182004657,6.378163352179389
2.6399999999998203,836.6202102439863,-34.693433672893,559.2065103357429,5.062084244740844
2.649999999999819,836.618223222541,-44.076274294589005,565.2271143310903,3.7143740107763223
2.659999999999818,836.6165400197699,-53.47871928257166,571.2604953404519,4.171023654460781
2.669999999999817,836.6165287024909,-60.531681626009814,575.7870583736868,5.205678852092495
2.679999999999816,836.6169218148408,-64.53616022595885,578.3573731509344,6.1073571055373606
2.6899999999998148,836.6171210031389,-65.61056662087638,579.0470518244783,7.4003904829068325
2.6999999999998137,836.6175186242884,-64.00387135581973,578.0161347646101,8.664012596984675
2.7099999999998126,836.6183136264265,-60.23718342473813,575.5991958611565,9.899300799749824
2.7199999999998115,836.618909763826,-55.20089425659832,572.3673030215318,11.447330098376737
2.7299999999998104,836.6189548292343,-49.6674554843919,568.8159873653437,13.696351016610373
2.7399999999998093,836.6194682542287,-44.02958191750562,565.1979463597172,15.991021087286155
2.749999999999808,836.6197580516681,-39.077397066816985,562.0198348133077,17.88244702467626
2.759999999999807,836.6192051997646,-35.0533322660628,559.43684715015,20.728539394315884
2.769999999999806,836.6194477603221,-31.541052698007,557.1828322235566,23.98521080236033
2.779999999999805,836.6196538559248,-28.716911785746344,555.3704392405431,26.63918516921769
2.7899999999998037,836.6195024101733,-26.829324939838695,554.1588944083511,28.95979596223842
2.7999999999998026,836.6192911938402,-25.696145033338006,553.4314873499741,30.863646743878952
2.8099999999998015,836.6185228191174,-24.875993080359674,552.9046231204024,32.88398723014224
2.8199999999998004,836.6179867918754,-23.29692655107862,551.8908388883781,35.31002671621015
2.8299999999997993,836.6179829174628,-20.368074628063095,550.0111079313443,37.677970283483276
2.8399999999997982,836.6181752732317,-16.008838136249725,547.2134863438309,39.13098616020309
2.849999999999797,836.6185162690449,-10.568164856737564,543.7218972327526,40.340761006573494
2.859999999999796,836.6197589874535,-4.918972139442967,540.0970596883411,42.006794841423634
2.869999999999795,836.6203531794318,-0.8403118423447223,537.4797689670447,43.147922283670255
2.879999999999794,836.6198617011954,0.6597632835828362,536.5167097746411,43.231705111248004
2.8899999999997927,836.6188105101493,0.11232561430115445,536.8673789945275,43.56463193399217
2.8999999999997916,836.6184273116025,-1.1379156257632763,537.6695341756059,42.9892180861994
2.9099999999997905,836.618721546545,-2.5208136415562743,538.5572628563827,41.364975521107546
2.9199999999997894,836.6199591270357,-4.344866046571662,539.7287285510516,38.80428960471065
2.9299999999997883,836.619703989199,-7.281681342885896,541.613404144138,36.736714798720925
2.9399999999997872,836.6192430456376,-11.317255963193544,544.2031281244003,34.34813950081095
2.949999999999786,836.6192116231339,-15.694592147571283,547.012469327368,32.380700199054694
2.959999999999785,836.6195327523527,-20.03698860187446,549.7996125819349,31.196284698227057
2.969999999999784,836.6190637197766,-24.417252196217937,552.6105517310835,30.867411410007247
2.979999999999783,836.6185952438483,-28.16910352569722,555.0181781112205,30.946487821328155
2.9899999999997817,836.6189796903119,-30.99773866755765,556.8338344855962,31.040314835445518
2.9999999999997806,836.6193016267965,-33.23131076243099,558.2675410440289,30.406688006522497
3.0099999999997795,836.6197618904854,-35.34773890597766,559.6261537402089,29.803476341084234
3.0199999999997784,836.6193792954828,-37.52272568610568,561.0218082513203,29.28291399066118
3.0299999999997773,836.6190956381881,-39.209867137404615,562.1044285763933,29.45340575397897
3.039999999999776,836.6189397924477,-40.06189038804439,562.65115454825,29.99322908811009
3.049999999999775,836.6193861974326,-40.18480475263656,562.7303271239915,30.698364254368578
3.059999999999774,836.6196958956542,-39.9747764432312,562.5957303418439,30.723006478000887
3.069999999999773,836.6199311368599,-39.78268135942214,562.4725952643607,29.980024353287714
3.079999999999772,836.6203379432246,-39.90396229064534,562.5506940931376,28.68991301133547
3.0899999999997707,836.6203499566155,-40.64516608062158,563.0264041955794,27.250617527451855
3.0999999999997696,836.6203315122679,-42.08590370763823,563.9510534905133,25.134053557557653
3.1099999999997685,836.6202731284758,-44.18462752277078,565.2979707348554,22.393211095228967
3.1199999999997674,836.6200904769661,-46.83171632001606,566.9967472423472,19.0966722493248
3.1299999999997663,836.6197773575374,-49.74131463194154,568.8639178432276,15.384223204380707
3.139999999999765,836.6194387482872,-52.447971276033115,570.6008247247944,11.992720820949613
3.149999999999764,836.6193157430134,-54.536605084038214,571.9412247586373,9.408898689547621
3.159999999999763,836.6191959680692,-55.65603506614371,572.6595947271322,6.612126374125931
3.169999999999762,836.6198320309926,-55.73362523074592,572.7098000877584,4.520404892979554
3.179999999999761,836.6201975754342,-55.46134321665647,572.5352849046711,3.5727633785016923
3.1899999999997597,836.6205353483005,-55.540817240128014,572.5865078786545,2.536201095658893
3.1999999999997586,836.6206335837032,-56.45250939018129,573.1716922415625,1.4366872363926533
3.2099999999997575,836.620479895347,-58.34382020848401,574.3854312740191,0.5463336905332088
3.2199999999997564,836.620362199183,-60.95209620256376,576.0593395277958,0.0
3.2299999999997553,836.6199507398768,-63.80795261250715,577.8919556212653,0.29877487135183267
3.239999999999754,836.6194927566692,-66.2992915529565,579.490595625913,1.0676945353932006
3.249999999999753,836.6194856622942,-67.89004973677183,580.5115349532715,2.4580887006163734
3.259999999999752,836.619596137899,-68.4090895695528,580.8447240801937,4.174221668097727
3.269999999999751,836.6196631498156,-67.93052683126396,580.5376269433323,5.789066630373519
3.27999999999975,836.6196131208368,-66.54214331760603,579.646534416971,7.262277197209898
3.2899999999997487,836.6194712687065,-64.22078685646133,578.1566036904408,8.55704321041412
3.2999999999997476,836.6194141286686,-60.88701853213372,576.0169644032426,9.641009929827002
3.3099999999997465,836.6197457699822,-56.66854650683966,573.3097744255575,10.487085804559344
3.3199999999997454,836.6205419151544,-52.28770384760165,570.4986735741716,11.074118643654256
3.3299999999997443,836.6210070498416,-49.041442705031265,568.415531330845,11.545310634166865
3.339999999999743,836.6205735255494,-47.75756025174248,567.5912611486831,12.02603056197848
3.349999999999742,836.619603985521,-47.8948225834576,567.6787334578282,12.207932509902024
3.359999999999741,836.6191849421617,-48.14152766527545,567.8367991062573,12.086526202927136
3.36999999999974,836.6195984142984,-47.85845373373646,567.6553884624371,11.664885845090772
3.3799999999997388,836.6202798595841,-47.53565441826025,567.4486541694951,10.953570824731544
3.3899999999997377,836.6204272220283,-48.03596491228934,567.7698465362649,10.195157945011015
3.3999999999997366,836.6202005430171,-49.57474700560649,568.757286834255,9.490998790230497
3.4099999999997355,836.6199801058773,-51.772442809482115,570.1676200018352,8.548727805445038
3.4199999999997344,836.6199849195938,-54.21219681656408,571.73344997106,7.392008208361908
3.4299999999997333,836.6201369715765,-56.744447721490694,573.3587386718442,6.171615070446899
3.439999999999732,836.6202468960154,-59.35720673961487,575.0356702033729,5.565580871953223
3.449999999999731,836.6200175711346,-61.98684758265594,576.7232187108162,5.438008581631161
3.45999999999973,836.6198764868142,-64.33401334961489,578.2295321854339,5.463960664710936
3.469999999999729,836.6198705048622,-66.13109858346154,579.3828923150093,5.35109613227958
3.4799999999997278,836.6199330505922,-67.29307088814106,580.128682832721,5.102372165683005
3.4899999999997267,836.6199894452656,-67.85859350282487,580.4916697621119,4.724126385095513
3.4999999999997256,836.6200194684592,-67.89285801976857,580.5136798961751,4.225920549903736
3.5099999999997245,836.6200771551331,-67.46194643875414,580.2371591456958,3.6203036657733385
3.5199999999997234,836.620256319178,-66.7048577803905,579.7513768789851,2.922500329280509
3.5299999999997222,836.6206230776739,-65.96221429410518,579.2749858783982,2.4265232811955464
3.539999999999721,836.6208727343557,-65.78989431349865,579.1645516552616,2.0424983020236884
3.54999999999972,836.6207948635202,-66.56105061162482,579.6594275010959,1.6062980630707098
3.559999999999719,836.6203828862613,-68.16313579402551,580.6873766098913,1.1288820502096057
3.569999999999718,836.6198945168463,-69.99857101379064,581.8650400517527,0.6222381861419757
3.5799999999997167,836.6194733956371,-71.33261722201075,582.7209566739818,0.20960991071493768
3.5899999999997156,836.6192781602933,-71.60340039924867,582.8946192119002,0.41432055959126557
3.5999999999997145,836.6190402192559,-70.50402724999655,582.1888920781404,0.7066207028670503
3.6099999999997134,836.618759952325,-67.75038336785104,580.4214317337673,1.268196515408398
3.6199999999997123,836.6187661580004,-63.107111860062844,577.4413978455281,2.0966106555847217
3.6299999999997112,836.6192593919989,-56.85535404366531,573.4293547922434,2.8710517298090297
3.63999999999971,836.6200968587988,-50.02280179589104,569.0447805244701,3.5720182583660467
3.649999999999709,836.6204909560413,-44.04919199894925,565.2111884187665,4.181870460681598
3.659999999999708,836.6200032415709,-39.6586949840498,562.3930674532664,5.179237456441601
3.669999999999707,836.6197497030519,-36.53186908410809,560.3861171518074,6.075464703726909
3.6799999999997057,836.620088894505,-34.400142719565096,559.018199190739,6.818113772168968
3.6899999999997046,836.6204982109416,-33.66385642441018,558.5459155301095,7.38858102568353
3.6999999999997035,836.6202995343475,-34.75807276589538,559.2480528200516,7.772570125631224
3.7099999999997024,836.6196896403641,-37.298130110126074,560.8778626557498,7.960447088335584
3.7199999999997013,836.6194009534886,-40.33047252392321,562.8238257376089,7.947479576175297
3.7299999999997,836.6196446791156,-43.285084823279746,564.7202435635108,7.7339544539926255
3.739999999999699,836.619732470416,-46.2254499590652,566.607417523935,7.901931625747377
3.749999999999698,836.619859144243,-49.3279673944062,568.5986853035856,8.055896905072421
3.759999999999697,836.6197216900623,-52.62551436993633,570.7149529466498,8.013908837615286
3.769999999999696,836.6195694173166,-55.80077346019728,572.7527270774258,7.785611525405223
3.7799999999996947,836.6194652832212,-58.46648765535093,574.4635077022525,7.669067792101059
3.7899999999996936,836.6194875896871,-60.368613753110175,575.6843009019157,7.365581785121676
3.7999999999996925,836.6195989420872,-61.43182322399721,576.3667370500342,6.88209821614298
3.8099999999996914,836.6199361416485,-61.76881435316215,576.5832333701152,6.649920222113257
3.8199999999996903,836.6200831053319,-61.61843611625305,576.4868153848921,6.798387513334347
3.829999999999689,836.6202210354974,-61.1540635851131,576.1888709959795,6.780501789651182
3.839999999999688,836.620274335809,-60.4929334968748,575.7645938757698,7.195833378724927
3.849999999999687,836.6205260450574,-59.69697717405715,575.25391301668,7.5844408638940655
3.859999999999686,836.6205821886696,-59.070314476977515,574.851758790628,8.518185919903317
3.869999999999685,836.6206592847625,-58.817484465419696,574.6895427197319,9.540614844215444
3.8799999999996837,836.6206099876298,-59.03048415130221,574.8262136471285,10.327873501296768
3.8899999999996826,836.620472779154,-59.63728657752544,575.2155695831076,10.861636314576813
3.8999999999996815,836.6203416056115,-60.434011861950125,575.7268213189325,11.130262886593231
3.9099999999996804,836.6202837198773,-61.213886452630526,576.2273053654283,11.129133821479776
3.9199999999996793,836.6203051828319,-61.86552545506661,576.6455391177849,10.86079371373704
3.929999999999678,836.6203742112772,-62.389290194749606,576.9817340752679,10.334873283586695
3.939999999999677,836.6205611757724,-62.87494247274387,577.2935442589757,9.846333001726524
3.949999999999676,836.6205924453026,-63.57084430124588,577.7401920555466,9.554711725090867
3.959999999999675,836.6205782091486,-64.54657345196239,578.3664029914871,9.023637023748517
3.969999999999674,836.6204281899793,-65.71899787024238,579.1187652211611,8.722221337274222
3.9799999999996727,836.6203431629741,-66.79879756976433,579.8117228930532,8.516185798879874
3.9899999999996716,836.6202378130222,-67.63440665054142,580.3479467074617,8.096872336829753
3.9999999999996705,836.6201109478407,-68.07513448158359,580.6307230995102,7.529097013898585
4.009999999999674,836.620040500072,-67.88899996799947,580.5112173080282,7.347852963155691
4.019999999999677,836.619968373542,-66.93660777836482,579.8999285371243,7.275436504537055
4.0299999999996805,836.6202712499,-65.19093048861825,578.7797524194261,7.066940538178858
4.039999999999684,836.6204384248758,-62.896312636611945,577.3071807855517,7.371323733712444
4.049999999999687,836.6207367784613,-60.487131613962696,575.7611670388602,7.491573352175023
4.0599999999996905,836.6210970979705,-58.48469027476408,574.4762373832232,7.72493102564416
4.069999999999694,836.6211124590823,-57.41120523318642,573.7872877286923,7.981509321227523
4.079999999999697,836.6208277647291,-57.33109089450749,573.7356878679417,8.03871486188242
4.0899999999997005,836.6201178595581,-57.7283378013419,573.990184138564,8.667065012300167
4.099999999999704,836.6198567731354,-57.8899833306079,574.0937601949416,9.134312740733167
4.109999999999707,836.619773616338,-57.429002526105855,573.7978507131609,9.371627151468608
4.119999999999711,836.6196338108277,-56.20999242883899,573.0154039243749,9.712482207786168
4.129999999999714,836.6198238409395,-54.171654788244666,571.7073268378238,10.505206964522916
4.139999999999717,836.6201331701034,-51.5761315578223,570.0417262593988,11.03488191966248
4.149999999999721,836.6205043198264,-48.91575113028555,568.3345402006335,11.289435035106242
4.159999999999724,836.6207683552575,-46.752944839557856,566.9466270002827,11.263974551029667
4.169999999999727,836.6209999912836,-45.54747113542816,566.1731062185074,11.52279628300298
4.179999999999731,836.6206325289168,-45.435803025766965,566.1012021209363,11.70856053711302
4.189999999999734,836.6198687200256,-45.788200695628,566.326879689148,12.430102810603591
4.199999999999737,836.618864892877,-45.59849270984255,566.2044814136989,13.694361645612911
4.209999999999741,836.6192130151633,-43.94406130348923,565.1428956718187,16.348579439240833
4.219999999999744,836.6198586824958,-40.99249406947453,563.2490029695758,18.621257962919174
4.229999999999747,836.6200911048859,-37.52295134150131,561.0224099134455,21.19931367846984
4.239999999999751,836.6201621954871,-34.06885810880077,558.805628755259,23.308996278827358
4.249999999999754,836.6200655238227,-30.7555812082417,556.6791154317301,24.886825292508835
4.259999999999757,836.6200711246212,-27.455826316746542,554.561346131644,25.90189410366577
4.269999999999761,836.6201517446516,-24.157681318220074,552.4446582032069,26.336397102264236
4.279999999999764,836.6204831616856,-20.978798745306207,550.4046735062924,26.401516474329615
4.289999999999767,836.6200555731327,-18.12636700363406,548.5737168563285,26.668149034481186
4.299999999999771,836.6197916557694,-15.359006943758558,546.797464002906,26.785316344579513
4.309999999999774,836.6203860064585,-12.646780663543021,545.0571466795036,26.30755564763645
4.319999999999777,836.6223351585365,-11.31293607233123,544.2023401401478,25.925999287390948
4.329999999999781,836.6230133052736,-14.078945357706685,545.9779919216882,26.352808292915007
4.339999999999784,836.6211898957835,-22.008823041601516,551.0661936220682,26.279802446398303
4.349999999999787,836.6189755630389,-32.53558297540355,557.8208157486996,25.59334933828056
4.359999999999791,836.6181579732435,-42.198388027600565,564.0218506222826,24.337700684366855
4.369999999999794,836.6183444302553,-49.320639226276015,568.5930099680908,22.929476372115417
4.379999999999797,836.6186996239718,-53.6913770263835,571.3983644767624,20.973402473142194
4.389999999999801,836.6196100174803,-55.760478156483806,572.726891728176,19.395255868062357
4.399999999999804,836.620721901421,-56.26521690580845,573.0515451630835,18.0868988169776
4.409999999999807,836.6208148618489,-56.31035370243804,573.080573486907,17.53989102437813
4.419999999999811,836.6206817419418,-56.217930115669006,573.0211708672994,17.373363251096126
4.429999999999814,836.6207141995703,-55.99551542693084,572.8784466114729,17.600576380325847
4.439999999999817,836.6207280934407,-55.79402335734542,572.7491385163489,17.71328556086012
4.449999999999821,836.619511988773,-55.352117000593296,572.464743835935,19.059965644130596
4.459999999999824,836.6195507026232,-53.99160196618826,571.5915941717202,20.473521348808234
4.4699999999998274,836.6195706715458,-51.73780796717386,570.1451286891102,21.3839911912035
4.479999999999831,836.6195636733191,-48.666695444045004,568.1740932963428,21.76870440115294
4.489999999999834,836.619699895604,-44.83257484764384,565.713453505494,21.631783852353763
4.4999999999998375,836.6197393018203,-40.39427035971386,562.8649881502025,21.55323322392463
4.509999999999841,836.6198811572848,-35.59087064867289,559.7822715160579,20.94170797608749
4.519999999999844,836.6203051552216,-30.7829859618084,556.6968575159439,20.342173316209077
4.5299999999998475,836.6208744654033,-26.713773761741088,554.0856145862139,20.19868515168631
4.539999999999851,836.6211682684061,-24.2342554873147,552.4944556795641,19.65214358613189
4.549999999999854,836.6212042557042,-23.85531776623787,552.2512776715232,18.6188081162298
4.5599999999998575,836.621123798609,-25.70083639838034,553.4356744144336,17.18366516958343
4.569999999999861,836.620939551135,-29.61513830347526,555.9477435087753,15.72372222036835
4.579999999999864,836.6207461923966,-35.32777361244247,559.6139717961262,13.8744008631171
4.5899999999998675,836.6203405058094,-42.43808128355512,564.1770857853924,11.681816237363314
4.599999999999871,836.6197180238042,-50.21840013961016,569.1700718256972,9.200646004938054
4.609999999999874,836.6190981967336,-57.63149928716769,573.9273790510398,6.492765084941216
4.6199999999998775,836.6186284175102,-63.805593419706746,577.889592835759,4.495362368053007
4.629999999999881,836.6179325742448,-68.00957864324305,580.5872514833457,2.3932162096710248
4.639999999999884,836.6167572721685,-69.23002793200858,581.369777908818,0.3818190403451767
4.649999999999888,836.6156348480783,-66.22300930436239,579.4391619109127,0.0
4.659999999999891,836.6143910490371,-57.47073717753739,573.8211813728516,0.0
4.669999999999894,836.6215519735501,-44.14170250331613,565.271242343757,0.0
4.679999999999898,836.6280762918377,-38.14016774229586,561.4236624366682,0.0
4.689999999999901,836.6180806844891,-47.4288888496139,567.3787209204031,0.0
4.699999999999904,836.6128809040603,-59.30234616026054,574.9957333746142,0.0
4.709999999999908,836.6143282524476,-63.884731969603,577.9376238890017,0.0
4.719999999999911,836.6165153046454,-61.241851758942566,576.2428348582996,0.0
4.729999999999914,836.6189104002376,-54.339159002794645,571.8142443019863,0.0
4.739999999999918,836.6207598653949,-46.95378338726587,567.0755191352818,0.0
4.749999999999921,836.6207822803516,-42.073363763138055,563.9432946929737,0.0
4.759999999999924,836.6200323452297,-40.16531938881672,562.7182361710687,0.0
4.769999999999928,836.619163820394,-40.2060945470679,562.7438481299395,0.0
4.779999999999931,836.6185413607637,-40.78797138323149,563.1168954634546,0.0
4.789999999999934,836.6188560374437,-40.870287995068985,563.1699279791499,0.0
4.799999999999938,836.6196242236891,-40.63223977181322,563.0176423557176,0.0
4.809999999999941,836.6202916777999,-40.9534317619209,563.2242107916379,0.0
4.819999999999944,836.6201873521902,-42.40139147361439,564.153440080741,1.008747422222226
4.829999999999948,836.6200381324888,-45.08631340192393,565.8765192358846,2.027574198069457
4.839999999999951,836.6194153411145,-48.52500034094134,568.0830586005975,2.996251210236584
4.849999999999954,836.6190334848525,-51.58335405472123,570.0456558617401,3.8906017712186665
4.859999999999958,836.6191999334637,-53.42338024066633,571.2266860323339,4.688304625889669
4.869999999999961,836.6196846273817,-53.98965547939047,571.5904308747836,5.3694509419140095
4.879999999999964,836.620100452142,-53.73799025844538,571.4291797580986,6.231604394869981
4.889999999999968,836.6204501647205,-53.20312080716873,571.0861265764231,7.055830592730572
4.899999999999971,836.620587573894,-52.82342521122046,570.8425272587979,7.704623601337753
4.909999999999974,836.6205079246195,-52.77963151306895,570.8143694746497,8.161753240019769
4.919999999999978,836.6202281809622,-52.97318868528428,570.9384143545906,8.41577480882226
4.929999999999981,836.6197925132469,-53.055490344362006,570.9909557048434,8.460315176456783
4.939999999999984,836.6193557942725,-52.51873014968161,570.6461843202272,8.294232117916435
4.949999999999988,836.6193411513763,-50.96544987907375,569.6492842554031,7.921642903145203
4.959999999999991,836.6202913037909,-48.71918344737724,568.2082469321576,7.351821416625597
4.969999999999994,836.621731293032,-47.4144712882131,567.3718107220186,6.598966387695905
4.979999999999998,836.6218155551139,-49.101854988756976,568.4548226515016,5.681846551834299
4.990000000000001,836.6203438708662,-53.85585604706034,571.504981896784,4.623331662552074
5.000000000000004,836.6191410917882,-59.53419334556943,575.1485499798524,3.4498211494085704
5.010000000000008,836.6194491413587,-64.11148226742385,578.0864381283803,2.260127145636009
5.020000000000011,836.6196998628876,-67.12606055718054,580.0213464388725,1.9882862949882854
5.0300000000000145,836.6199912193445,-68.86471130320334,581.1373943185225,1.7149883742310326
5.040000000000018,836.6202149679052,-69.59756190621002,581.6078792613656,1.4952993971818227
5.050000000000021,836.6203631150463,-69.56604802136553,581.5877488240109,1.2386933401446285
5.0600000000000245,836.6204636386528,-68.94939685515607,581.1920484517026,0.9515933217972962
5.070000000000028,836.6205392637607,-67.88499646844838,580.508967978955,0.6411861967340563
5.080000000000031,836.6200467092049,-66.4675493462999,579.5989385033324,1.1900058652173524
5.0900000000000345,836.6201359647494,-64.47295408997357,578.3188704723452,2.3642631689230194
